_name,soil_water_initial_mm,percolation_mm,potential_evapotranspiration_mm,plant_evapotranspiration_mm,precip_mm,soil_evaporation_mm,runoff_contribution_mm,soil_water_mm,soil_water_average_mm,evapotranspiration_mm,canopy_evaporation_mm,runoff_mm,streamflow_m3s,channel_water_storage_m3,channel_area_ha,channel_seep_volume_m3,channel_water_temp_c,channel_evap_volume_m3,channel_inflow_m3s,channel_precip_volume_m3,date
cha153,399.724,0.204,0.402,0.0,0.0,0.201,0.0,399.317,399.52,0.201,0.0,0.339,1.754,0.0,0.0,0.0,0.0,0.0,1.754,0.0,2019-01-01
cha153,399.317,0.201,0.944,0.0,0.0,0.472,0.0,398.641,398.979,0.472,0.0,0.191,1.117,0.0,0.0,0.0,0.0,0.0,1.117,0.0,2019-01-02
cha153,398.641,0.198,1.744,0.0,0.0,1.492,0.677,400.234,399.437,1.492,0.0,0.439,2.188,0.0,0.0,0.0,0.0,0.0,2.188,0.0,2019-01-03
cha153,400.234,0.196,1.88,0.0,0.0,1.608,0.0,398.427,399.33,1.608,0.0,0.228,1.254,0.0,0.0,0.0,0.0,0.0,1.254,0.0,2019-01-04
cha153,398.427,0.198,1.933,0.0,0.0,1.654,0.0,396.573,397.5,1.654,0.0,0.12,0.7915,0.0,0.0,0.0,0.0,0.0,0.7915,0.0,2019-01-05
cha153,396.573,0.197,2.118,0.0,0.761,1.811,0.0,395.322,395.947,1.811,0.0,0.065,0.5563,0.0,0.0,0.0,0.0,0.0,0.5563,0.0,2019-01-06
cha153,395.322,0.195,0.94,0.0,0.0,0.804,0.0,394.32,394.821,0.804,0.0,0.036,0.3507,0.0,0.0,0.0,0.0,0.0,0.3507,0.0,2019-01-07
cha153,394.32,0.192,1.254,0.0,0.0,1.073,0.0,393.052,393.686,1.073,0.0,0.02,0.2857,0.0,0.0,0.0,0.0,0.0,0.2857,0.0,2019-01-08
cha153,393.052,0.187,1.413,0.0,0.0,1.208,0.0,391.653,392.353,1.208,0.0,0.011,0.2515,0.0,0.0,0.0,0.0,0.0,0.2515,0.0,2019-01-09
cha153,391.653,0.185,1.466,0.0,0.0,1.254,0.0,390.211,390.932,1.254,0.0,0.006,0.1197,0.0,0.0,0.0,0.0,0.0,0.1197,0.0,2019-01-10
cha153,390.211,0.183,1.674,0.0,0.31,1.276,0.0,388.749,389.48,1.276,0.0,0.004,0.112,0.0,0.0,0.0,0.0,0.0,0.112,0.0,2019-01-11
cha153,388.749,0.18,0.343,0.0,3.68,0.171,0.0,388.395,388.572,0.171,0.0,0.002,0.1107,0.0,0.0,0.0,0.0,0.0,0.1107,0.0,2019-01-12
cha153,388.395,0.177,0.328,0.0,0.0,0.164,0.0,388.05,388.223,0.164,0.0,0.001,0.1114,0.0,0.0,0.0,0.0,0.0,0.1114,0.0,2019-01-13
cha153,388.05,0.175,0.387,0.0,0.0,0.194,0.0,387.679,387.865,0.194,0.0,0.001,0.1132,0.0,0.0,0.0,0.0,0.0,0.1132,0.0,2019-01-14
cha153,387.679,0.171,0.423,0.0,0.0,0.211,0.0,387.293,387.486,0.211,0.0,0.0,0.1148,0.0,0.0,0.0,0.0,0.0,0.1148,0.0,2019-01-15
cha153,387.293,0.168,0.595,0.0,0.853,0.298,0.0,386.825,387.059,0.298,0.0,0.0,0.1164,0.0,0.0,0.0,0.0,0.0,0.1164,0.0,2019-01-16
cha153,386.825,0.165,0.144,0.0,0.0,0.072,0.0,386.585,386.705,0.072,0.0,0.0,0.1179,0.0,0.0,0.0,0.0,0.0,0.1179,0.0,2019-01-17
cha153,386.585,0.163,0.193,0.0,4.644,0.097,0.0,386.322,386.454,0.097,0.0,0.0,0.1195,0.0,0.0,0.0,0.0,0.0,0.1195,0.0,2019-01-18
cha153,386.322,0.161,0.142,0.0,0.053,0.071,0.0,386.088,386.205,0.071,0.0,0.0,0.1208,0.0,0.0,0.0,0.0,0.0,0.1208,0.0,2019-01-19
cha153,386.088,0.147,0.229,0.0,1.108,0.115,0.0,385.824,385.956,0.115,0.0,0.0,0.1214,0.0,0.0,0.0,0.0,0.0,0.1214,0.0,2019-01-20
cha153,385.824,0.143,0.736,0.0,0.0,0.368,0.0,385.31,385.567,0.368,0.0,0.0,0.1219,0.0,0.0,0.0,0.0,0.0,0.1219,0.0,2019-01-21
cha153,385.31,0.142,0.521,0.0,3.956,0.261,0.0,384.906,385.108,0.261,0.0,0.0,0.1223,0.0,0.0,0.0,0.0,0.0,0.1223,0.0,2019-01-22
cha153,384.906,0.14,0.54,0.0,0.0,0.27,0.0,384.493,384.7,0.27,0.0,0.0,0.1225,0.0,0.0,0.0,0.0,0.0,0.1225,0.0,2019-01-23
cha153,384.493,0.13,0.29,0.0,0.0,0.145,0.0,384.217,384.355,0.145,0.0,0.0,0.088,0.0,0.0,0.0,0.0,0.0,0.088,0.0,2019-01-24
cha153,384.217,0.126,0.262,0.0,0.0,0.131,0.0,383.958,384.088,0.131,0.0,0.0,0.08901,0.0,0.0,0.0,0.0,0.0,0.08901,0.0,2019-01-25
cha153,383.958,0.125,0.221,0.0,1.432,0.111,0.0,383.721,383.84,0.111,0.0,0.0,0.08988,0.0,0.0,0.0,0.0,0.0,0.08988,0.0,2019-01-26
cha153,383.721,0.123,0.394,0.0,7.748,0.197,0.0,383.399,383.56,0.197,0.0,0.0,0.09063,0.0,0.0,0.0,0.0,0.0,0.09063,0.0,2019-01-27
cha153,383.399,0.121,0.17,0.0,0.0,0.085,0.0,383.192,383.296,0.085,0.0,0.0,0.09126,0.0,0.0,0.0,0.0,0.0,0.09126,0.0,2019-01-28
cha153,383.192,0.12,0.116,0.0,0.0,0.058,0.0,383.012,383.102,0.058,0.0,0.0,0.09178,0.0,0.0,0.0,0.0,0.0,0.09178,0.0,2019-01-29
cha153,383.012,0.119,0.148,0.0,0.0,0.074,0.0,382.817,382.915,0.074,0.0,0.0,0.09221,0.0,0.0,0.0,0.0,0.0,0.09221,0.0,2019-01-30
cha153,382.817,0.117,0.145,0.0,1.433,0.073,0.0,382.626,382.722,0.073,0.0,0.0,0.09253,0.0,0.0,0.0,0.0,0.0,0.09253,0.0,2019-01-31
cha153,382.626,0.116,0.667,0.0,0.0,0.334,0.0,382.174,382.4,0.334,0.0,0.0,0.09277,0.0,0.0,0.0,0.0,0.0,0.09277,0.0,2019-02-01
cha153,382.174,0.115,1.779,0.0,0.0,1.219,14.358,390.051,386.113,1.219,0.0,6.784,27.36,0.0,0.0,0.0,0.0,0.0,27.36,0.0,2019-02-02
cha153,390.051,0.114,1.099,0.0,0.0,0.94,0.023,390.62,390.335,0.94,0.0,3.513,14.02,0.0,0.0,0.0,0.0,0.0,14.02,0.0,2019-02-03
cha153,390.62,0.115,0.241,0.0,0.0,0.206,0.0,390.296,390.458,0.206,0.0,1.855,7.359,0.0,0.0,0.0,0.0,0.0,7.359,0.0,2019-02-04
cha153,390.296,0.114,0.406,0.0,0.51,0.291,0.0,389.889,390.093,0.291,0.0,0.997,3.949,0.0,0.0,0.0,0.0,0.0,3.949,0.0,2019-02-05
cha153,389.889,0.113,0.144,0.0,1.027,0.072,0.0,389.702,389.795,0.072,0.0,0.543,2.168,0.0,0.0,0.0,0.0,0.0,2.168,0.0,2019-02-06
cha153,389.702,0.11,0.171,0.0,2.994,0.086,0.0,389.504,389.603,0.086,0.0,0.3,1.223,0.0,0.0,0.0,0.0,0.0,1.223,0.0,2019-02-07
cha153,389.504,0.109,0.307,0.0,0.0,0.154,0.0,389.239,389.372,0.154,0.0,0.167,0.7141,0.0,0.0,0.0,0.0,0.0,0.7141,0.0,2019-02-08
cha153,389.239,0.108,0.455,0.0,0.686,0.228,0.0,388.902,389.071,0.228,0.0,0.094,0.4375,0.0,0.0,0.0,0.0,0.0,0.4375,0.0,2019-02-09
cha153,388.902,0.107,0.696,0.0,3.168,0.348,0.0,388.445,388.674,0.348,0.0,0.053,0.2855,0.0,0.0,0.0,0.0,0.0,0.2855,0.0,2019-02-10
cha153,388.445,0.108,0.558,0.0,6.001,0.279,0.0,388.056,388.251,0.279,0.0,0.03,0.2018,0.0,0.0,0.0,0.0,0.0,0.2018,0.0,2019-02-11
cha153,388.056,0.108,0.251,0.0,0.012,0.125,0.0,387.821,387.938,0.125,0.0,0.018,0.1552,0.0,0.0,0.0,0.0,0.0,0.1552,0.0,2019-02-12
cha153,387.821,0.107,0.428,0.0,0.0,0.214,0.0,387.498,387.66,0.214,0.0,0.01,0.129,0.0,0.0,0.0,0.0,0.0,0.129,0.0,2019-02-13
cha153,387.498,0.104,0.474,0.0,0.0,0.237,0.0,387.156,387.327,0.237,0.0,0.006,0.1136,0.0,0.0,0.0,0.0,0.0,0.1136,0.0,2019-02-14
cha153,387.156,0.103,0.253,0.0,0.0,0.126,0.0,386.924,387.04,0.126,0.0,0.003,0.1046,0.0,0.0,0.0,0.0,0.0,0.1046,0.0,2019-02-15
cha153,386.924,0.102,0.345,0.0,7.307,0.173,0.0,386.648,386.786,0.173,0.0,0.002,0.09916,0.0,0.0,0.0,0.0,0.0,0.09916,0.0,2019-02-16
cha153,386.648,0.102,0.23,0.0,4.036,0.115,0.0,386.429,386.538,0.115,0.0,0.001,0.09577,0.0,0.0,0.0,0.0,0.0,0.09577,0.0,2019-02-17
cha153,386.429,0.101,0.087,0.0,0.0,0.044,0.0,386.283,386.356,0.044,0.0,0.001,0.09354,0.0,0.0,0.0,0.0,0.0,0.09354,0.0,2019-02-18
cha153,386.283,0.1,0.276,0.0,9.821,0.138,0.0,386.043,386.163,0.138,0.0,0.0,0.09198,0.0,0.0,0.0,0.0,0.0,0.09198,0.0,2019-02-19
cha153,386.043,0.099,0.398,0.0,1.806,0.199,0.0,385.744,385.894,0.199,0.0,0.0,0.09079,0.0,0.0,0.0,0.0,0.0,0.09079,0.0,2019-02-20
cha153,385.744,0.099,0.228,0.0,0.0,0.114,0.0,385.53,385.637,0.114,0.0,0.0,0.08983,0.0,0.0,0.0,0.0,0.0,0.08983,0.0,2019-02-21
cha153,385.53,0.098,0.391,0.0,2.126,0.195,0.0,385.234,385.382,0.195,0.0,0.0,0.08899,0.0,0.0,0.0,0.0,0.0,0.08899,0.0,2019-02-22
cha153,385.234,0.097,0.29,0.0,15.551,0.145,0.0,384.99,385.112,0.145,0.0,0.0,0.08822,0.0,0.0,0.0,0.0,0.0,0.08822,0.0,2019-02-23
cha153,384.99,0.097,0.143,0.0,0.0,0.072,0.0,384.819,384.905,0.072,0.0,0.0,0.0875,0.0,0.0,0.0,0.0,0.0,0.0875,0.0,2019-02-24
cha153,384.819,0.096,0.288,0.0,0.0,0.144,0.0,384.578,384.699,0.144,0.0,0.0,0.0868,0.0,0.0,0.0,0.0,0.0,0.0868,0.0,2019-02-25
cha153,384.578,0.096,0.373,0.0,0.0,0.186,0.0,384.294,384.436,0.186,0.0,0.0,0.08612,0.0,0.0,0.0,0.0,0.0,0.08612,0.0,2019-02-26
cha153,384.294,0.095,0.161,0.0,0.0,0.081,0.0,384.116,384.205,0.081,0.0,0.0,0.08545,0.0,0.0,0.0,0.0,0.0,0.08545,0.0,2019-02-27
cha153,384.116,0.095,0.248,0.0,0.0,0.124,0.0,383.896,384.006,0.124,0.0,0.0,0.08478,0.0,0.0,0.0,0.0,0.0,0.08478,0.0,2019-02-28
cha153,383.896,0.094,0.293,0.0,0.0,0.146,0.0,383.654,383.775,0.146,0.0,0.0,0.08412,0.0,0.0,0.0,0.0,0.0,0.08412,0.0,2019-03-01
cha153,383.654,0.093,0.186,0.0,0.0,0.093,0.0,383.466,383.56,0.093,0.0,0.0,0.08346,0.0,0.0,0.0,0.0,0.0,0.08346,0.0,2019-03-02
cha153,383.466,0.092,0.119,0.0,0.0,0.06,0.0,383.312,383.389,0.06,0.0,0.0,0.08281,0.0,0.0,0.0,0.0,0.0,0.08281,0.0,2019-03-03
cha153,383.312,0.092,0.247,0.0,0.0,0.123,0.0,383.095,383.203,0.123,0.0,0.0,0.08216,0.0,0.0,0.0,0.0,0.0,0.08216,0.0,2019-03-04
cha153,383.095,0.091,0.411,0.0,0.0,0.205,0.0,382.796,382.946,0.205,0.0,0.0,0.08151,0.0,0.0,0.0,0.0,0.0,0.08151,0.0,2019-03-05
cha153,382.796,0.091,0.471,0.0,0.0,0.236,0.0,382.468,382.632,0.236,0.0,0.0,0.08087,0.0,0.0,0.0,0.0,0.0,0.08087,0.0,2019-03-06
cha153,382.468,0.09,0.449,0.0,0.0,0.225,0.0,382.151,382.31,0.225,0.0,0.0,0.08024,0.0,0.0,0.0,0.0,0.0,0.08024,0.0,2019-03-07
cha153,382.151,0.091,0.507,0.0,0.0,0.254,0.0,381.805,381.978,0.254,0.0,0.0,0.07961,0.0,0.0,0.0,0.0,0.0,0.07961,0.0,2019-03-08
cha153,381.805,0.092,0.372,0.0,15.549,0.186,0.0,381.525,381.665,0.186,0.0,0.0,0.07963,0.0,0.0,0.0,0.0,0.0,0.07963,0.0,2019-03-09
cha153,381.525,0.092,0.741,0.0,0.0,0.371,0.0,381.061,381.293,0.371,0.0,0.0,0.07072,0.0,0.0,0.0,0.0,0.0,0.07072,0.0,2019-03-10
cha153,381.061,0.1,0.454,0.0,0.0,0.227,0.0,381.034,381.048,0.227,0.0,0.0,0.07096,0.0,0.0,0.0,0.0,0.0,0.07096,0.0,2019-03-11
cha153,381.034,0.105,1.005,0.0,7.862,0.502,8.4,387.085,384.06,0.502,0.0,3.988,18.47,0.0,0.0,0.0,0.0,0.0,18.47,0.0,2019-03-12
cha153,387.085,0.113,0.829,0.0,6.899,0.414,21.095,396.471,391.778,0.414,0.0,12.022,51.01,0.0,0.0,0.0,0.0,0.0,51.01,0.0,2019-03-13
cha153,396.471,0.114,0.562,0.0,0.394,0.281,8.896,404.2,400.336,0.281,0.0,10.441,43.31,0.0,0.0,0.0,0.0,0.0,43.31,0.0,2019-03-14
cha153,404.2,0.113,1.487,0.0,0.0,0.743,1.817,408.625,406.413,0.743,0.0,6.334,25.81,0.0,0.0,0.0,0.0,0.0,25.81,0.0,2019-03-15
cha153,408.625,0.113,0.746,0.0,0.0,0.481,4.39,414.601,411.613,0.481,0.0,5.447,22.64,0.0,0.0,0.0,0.0,0.0,22.64,0.0,2019-03-16
cha153,414.601,0.114,1.823,0.0,0.0,1.491,1.281,415.078,414.839,1.491,0.0,3.529,15.99,0.0,0.0,0.0,0.0,0.0,15.99,0.0,2019-03-17
cha153,415.078,0.117,2.302,0.0,0.0,1.969,0.33,413.586,414.332,1.969,0.0,2.035,9.402,0.0,0.0,0.0,0.0,0.0,9.402,0.0,2019-03-18
cha153,413.586,0.134,2.152,0.0,0.0,1.84,0.0,411.608,412.597,1.84,0.0,1.086,4.94,0.0,0.0,0.0,0.0,0.0,4.94,0.0,2019-03-19
cha153,411.608,0.367,2.459,0.0,0.0,2.103,0.0,409.134,410.371,2.103,0.0,0.589,2.666,0.0,0.0,0.0,0.0,0.0,2.666,0.0,2019-03-20
cha153,409.134,0.884,2.847,0.0,0.0,2.435,0.0,405.809,407.472,2.435,0.0,0.324,1.483,0.0,0.0,0.0,0.0,0.0,1.483,0.0,2019-03-21
cha153,405.809,0.946,2.767,0.0,0.0,2.367,0.0,402.492,404.151,2.367,0.0,0.18,0.8885,0.0,0.0,0.0,0.0,0.0,0.8885,0.0,2019-03-22
cha153,402.492,0.919,2.353,0.0,1.505,2.016,0.0,401.059,401.776,2.016,0.0,0.101,0.6844,0.0,0.0,0.0,0.0,0.0,0.6844,0.0,2019-03-23
cha153,401.059,0.894,0.832,0.0,2.729,0.714,0.0,402.176,401.617,0.714,0.0,0.057,0.6258,0.0,0.0,0.0,0.0,0.0,0.6258,0.0,2019-03-24
cha153,402.176,0.869,1.509,0.0,0.0,1.296,0.0,400.007,401.091,1.296,0.0,0.032,0.6405,0.0,0.0,0.0,0.0,0.0,0.6405,0.0,2019-03-25
cha153,400.007,0.844,2.043,0.0,0.0,1.758,0.0,397.4,398.703,1.758,0.0,0.019,0.6907,0.0,0.0,0.0,0.0,0.0,0.6907,0.0,2019-03-26
cha153,397.4,0.82,3.754,0.0,0.0,3.236,0.0,393.34,395.37,3.236,0.0,0.011,0.7564,0.0,0.0,0.0,0.0,0.0,0.7564,0.0,2019-03-27
cha153,393.34,0.797,1.987,0.0,0.0,1.715,0.0,390.824,392.082,1.715,0.0,0.006,0.8271,0.0,0.0,0.0,0.0,0.0,0.8271,0.0,2019-03-28
cha153,390.824,0.775,2.83,0.0,0.153,2.446,0.0,387.752,389.288,2.446,0.0,0.004,0.8973,0.0,0.0,0.0,0.0,0.0,0.8973,0.0,2019-03-29
cha153,387.752,0.753,2.621,0.0,0.0,2.268,0.0,384.727,386.239,2.268,0.0,0.002,0.964,0.0,0.0,0.0,0.0,0.0,0.964,0.0,2019-03-30
cha153,384.727,0.732,2.78,0.0,0.0,2.402,0.0,381.589,383.158,2.402,0.0,0.001,1.026,0.0,0.0,0.0,0.0,0.0,1.026,0.0,2019-03-31
cha153,381.589,0.712,3.999,0.0,3.481,3.418,0.0,380.936,381.263,3.418,0.0,0.001,1.083,0.0,0.0,0.0,0.0,0.0,1.083,0.0,2019-04-01
cha153,380.936,0.692,2.641,0.0,0.0,2.296,0.0,377.945,379.44,2.296,0.0,0.0,1.134,0.0,0.0,0.0,0.0,0.0,1.134,0.0,2019-04-02
cha153,377.945,0.674,2.436,0.0,12.669,2.087,0.0,387.85,382.897,2.087,0.0,0.0,1.18,0.0,0.0,0.0,0.0,0.0,1.18,0.0,2019-04-03
cha153,387.85,0.656,1.828,0.0,1.295,1.594,0.0,386.892,387.371,1.594,0.0,0.0,1.221,0.0,0.0,0.0,0.0,0.0,1.221,0.0,2019-04-04
cha153,386.892,0.638,3.213,0.0,0.104,2.805,0.0,383.549,385.22,2.805,0.0,0.0,1.256,0.0,0.0,0.0,0.0,0.0,1.256,0.0,2019-04-05
cha153,383.549,0.621,4.377,0.0,1.071,3.827,0.0,380.169,381.859,3.827,0.0,0.0,1.288,0.0,0.0,0.0,0.0,0.0,1.288,0.0,2019-04-06
cha153,380.169,0.604,3.18,0.0,5.076,2.784,0.0,381.854,381.011,2.784,0.0,0.0,1.315,0.0,0.0,0.0,0.0,0.0,1.315,0.0,2019-04-07
cha153,381.854,0.588,4.809,0.0,0.0,4.215,0.0,377.047,379.451,4.215,0.0,0.0,1.338,0.0,0.0,0.0,0.0,0.0,1.338,0.0,2019-04-08
cha153,377.047,0.598,3.018,0.0,20.546,2.623,0.225,394.144,385.596,2.623,0.0,0.11,1.983,0.0,0.0,0.0,0.0,0.0,1.983,0.0,2019-04-09
cha153,394.144,0.619,1.112,0.0,6.135,0.977,0.0,398.68,396.412,0.977,0.0,0.055,1.698,0.0,0.0,0.0,0.0,0.0,1.698,0.0,2019-04-10
cha153,398.68,0.602,1.925,0.0,0.152,1.694,0.0,396.533,397.606,1.694,0.0,0.028,1.571,0.0,0.0,0.0,0.0,0.0,1.571,0.0,2019-04-11
cha153,396.533,0.586,1.933,0.0,0.0,1.703,0.0,394.24,395.386,1.703,0.0,0.015,1.517,0.0,0.0,0.0,0.0,0.0,1.517,0.0,2019-04-12
cha153,394.24,0.571,2.59,0.0,0.0,2.285,0.0,391.381,392.81,2.285,0.0,0.008,1.496,0.0,0.0,0.0,0.0,0.0,1.496,0.0,2019-04-13
cha153,391.381,0.556,2.939,0.0,0.0,2.596,0.0,388.225,389.803,2.596,0.0,0.004,1.49,0.0,0.0,0.0,0.0,0.0,1.49,0.0,2019-04-14
cha153,388.225,0.541,3.761,0.0,0.0,3.327,0.0,384.353,386.289,3.327,0.0,0.002,1.491,0.0,0.0,0.0,0.0,0.0,1.491,0.0,2019-04-15
cha153,384.353,0.527,3.891,0.0,0.0,3.442,0.0,380.381,382.367,3.442,0.0,0.001,1.493,0.0,0.0,0.0,0.0,0.0,1.493,0.0,2019-04-16
cha153,380.381,0.513,3.701,0.0,3.628,3.26,0.0,380.233,380.307,3.26,0.0,0.001,1.494,0.0,0.0,0.0,0.0,0.0,1.494,0.0,2019-04-17
cha153,380.233,0.5,2.539,0.0,0.0,2.254,0.0,377.475,378.854,2.254,0.0,0.0,1.495,0.0,0.0,0.0,0.0,0.0,1.495,0.0,2019-04-18
cha153,377.475,0.487,4.005,0.0,0.0,3.522,0.0,373.463,375.469,3.522,0.0,0.0,1.494,0.0,0.0,0.0,0.0,0.0,1.494,0.0,2019-04-19
cha153,373.463,0.475,4.943,0.0,0.0,4.257,0.0,368.728,371.095,4.257,0.0,0.0,1.491,0.0,0.0,0.0,0.0,0.0,1.491,0.0,2019-04-20
cha153,368.728,0.463,7.506,0.0,0.0,6.325,0.0,361.938,365.333,6.325,0.0,0.0,1.486,0.0,0.0,0.0,0.0,0.0,1.486,0.0,2019-04-21
cha153,361.938,0.451,2.459,0.0,12.259,1.941,0.009,371.793,366.865,1.941,0.0,0.005,1.509,0.0,0.0,0.0,0.0,0.0,1.509,0.0,2019-04-22
cha153,371.793,0.44,4.111,0.0,0.0,3.67,0.0,367.679,369.736,3.67,0.0,0.002,1.438,0.0,0.0,0.0,0.0,0.0,1.438,0.0,2019-04-23
cha153,367.679,0.429,4.27,0.0,0.0,3.768,0.0,363.479,365.579,3.768,0.0,0.001,1.424,0.0,0.0,0.0,0.0,0.0,1.424,0.0,2019-04-24
cha153,363.479,0.419,2.682,0.0,2.347,2.283,0.0,363.121,363.3,2.283,0.0,0.001,1.411,0.0,0.0,0.0,0.0,0.0,1.411,0.0,2019-04-25
cha153,363.121,0.408,5.455,0.0,4.57,4.824,0.0,362.455,362.788,4.824,0.0,0.0,1.399,0.0,0.0,0.0,0.0,0.0,1.399,0.0,2019-04-26
cha153,362.455,0.4,0.923,0.0,16.539,0.828,0.013,377.75,370.102,0.828,0.0,0.006,1.411,0.0,0.0,0.0,0.0,0.0,1.411,0.0,2019-04-27
cha153,377.75,0.39,2.525,0.0,1.779,2.267,0.0,376.869,377.309,2.267,0.0,0.003,1.386,0.0,0.0,0.0,0.0,0.0,1.386,0.0,2019-04-28
cha153,376.869,0.381,3.642,0.0,0.0,3.274,0.0,373.211,375.04,3.274,0.0,0.002,1.367,0.0,0.0,0.0,0.0,0.0,1.367,0.0,2019-04-29
cha153,373.211,0.373,1.416,0.0,7.305,1.274,0.0,378.866,376.038,1.274,0.0,0.001,1.349,0.0,0.0,0.0,0.0,0.0,1.349,0.0,2019-04-30
cha153,378.866,0.364,2.188,0.0,0.0,1.97,0.0,376.529,377.697,1.97,0.0,0.001,1.333,0.0,0.0,0.0,0.0,0.0,1.333,0.0,2019-05-01
cha153,376.529,0.356,2.781,0.0,0.0,2.507,0.0,373.663,375.096,2.507,0.0,0.0,1.316,0.0,0.0,0.0,0.0,0.0,1.316,0.0,2019-05-02
cha153,373.663,0.348,2.444,0.0,0.0,2.206,0.0,371.106,372.384,2.206,0.0,0.0,1.299,0.0,0.0,0.0,0.0,0.0,1.299,0.0,2019-05-03
cha153,371.106,0.34,4.301,0.0,0.0,3.883,0.0,366.88,368.993,3.883,0.0,0.0,1.282,0.0,0.0,0.0,0.0,0.0,1.282,0.0,2019-05-04
cha153,366.88,0.337,4.079,0.0,21.353,3.654,0.576,383.663,375.272,3.654,0.0,0.264,2.216,0.0,0.0,0.0,0.0,0.0,2.216,0.0,2019-05-05
cha153,383.663,0.33,3.554,0.0,0.37,3.218,0.0,380.482,382.073,3.218,0.0,0.14,1.722,0.0,0.0,0.0,0.0,0.0,1.722,0.0,2019-05-06
cha153,380.482,0.325,3.695,0.0,7.546,3.349,0.0,384.35,382.416,3.349,0.0,0.076,1.474,0.0,0.0,0.0,0.0,0.0,1.474,0.0,2019-05-07
cha153,384.35,0.395,2.283,0.0,18.711,2.07,0.076,400.516,392.433,2.07,0.0,0.079,1.542,0.0,0.0,0.0,0.0,0.0,1.542,0.0,2019-05-08
cha153,400.516,0.386,1.751,0.0,0.0,1.59,0.0,398.538,399.527,1.59,0.0,0.042,1.381,0.0,0.0,0.0,0.0,0.0,1.381,0.0,2019-05-09
cha153,398.538,0.377,3.71,0.0,0.0,3.371,0.0,394.785,396.661,3.371,0.0,0.023,1.299,0.0,0.0,0.0,0.0,0.0,1.299,0.0,2019-05-10
cha153,394.785,0.369,2.045,0.0,0.854,1.861,0.0,393.406,394.096,1.861,0.0,0.013,1.253,0.0,0.0,0.0,0.0,0.0,1.253,0.0,2019-05-11
cha153,393.406,0.361,2.085,0.0,0.244,1.899,0.0,391.388,392.397,1.899,0.0,0.007,1.224,0.0,0.0,0.0,0.0,0.0,1.224,0.0,2019-05-12
cha153,391.388,0.353,3.706,0.0,2.22,3.378,0.0,389.875,390.631,3.378,0.0,0.004,1.205,0.0,0.0,0.0,0.0,0.0,1.205,0.0,2019-05-13
cha153,389.875,0.345,2.911,0.0,7.201,2.656,0.0,394.071,391.973,2.656,0.0,0.002,1.189,0.0,0.0,0.0,0.0,0.0,1.189,0.0,2019-05-14
cha153,394.071,0.338,4.563,0.0,0.0,4.166,0.0,389.564,391.817,4.166,0.0,0.001,1.131,0.0,0.0,0.0,0.0,0.0,1.131,0.0,2019-05-15
cha153,389.564,0.331,6.039,0.0,11.968,5.519,0.0,395.678,392.621,5.519,0.0,0.001,1.12,0.0,0.0,0.0,0.0,0.0,1.12,0.0,2019-05-16
cha153,395.678,0.332,1.863,0.006,3.93,1.701,0.0,397.563,396.621,1.71,0.003,0.0,1.11,0.0,0.0,0.0,0.0,0.0,1.11,0.0,2019-05-17
cha153,397.563,0.526,4.531,0.051,22.931,4.139,0.404,415.36,406.462,4.199,0.009,0.195,2.039,0.0,0.0,0.0,0.0,0.0,2.039,0.0,2019-05-18
cha153,415.36,0.513,2.112,0.032,0.96,1.925,0.0,413.836,414.598,1.967,0.011,0.099,1.608,0.0,0.0,0.0,0.0,0.0,1.608,0.0,2019-05-19
cha153,413.836,0.501,3.629,0.079,0.251,3.318,0.0,410.176,412.006,3.406,0.008,0.051,1.406,0.0,0.0,0.0,0.0,0.0,1.406,0.0,2019-05-20
cha153,410.176,0.676,3.016,0.066,20.454,2.751,0.193,426.923,418.549,2.834,0.017,0.122,1.843,0.0,0.0,0.0,0.0,0.0,1.843,0.0,2019-05-21
cha153,426.923,0.659,4.718,0.109,0.0,4.331,0.0,421.82,424.372,4.439,0.0,0.062,1.575,0.0,0.0,0.0,0.0,0.0,1.575,0.0,2019-05-22
cha153,421.82,0.932,5.1,0.128,32.273,4.667,2.151,446.191,434.006,4.814,0.019,1.069,6.574,0.0,0.0,0.0,0.0,0.0,6.574,0.0,2019-05-23
cha153,446.191,0.924,4.776,0.145,6.891,4.368,0.073,447.542,446.867,4.537,0.024,0.581,4.268,0.0,0.0,0.0,0.0,0.0,4.268,0.0,2019-05-24
cha153,447.542,0.899,4.887,0.18,0.0,4.494,0.0,441.964,444.753,4.674,0.0,0.301,2.934,0.0,0.0,0.0,0.0,0.0,2.934,0.0,2019-05-25
cha153,441.964,0.874,5.391,0.254,3.613,4.926,0.001,439.481,440.723,5.216,0.037,0.158,2.293,0.0,0.0,0.0,0.0,0.0,2.293,0.0,2019-05-26
cha153,439.481,0.851,3.878,0.226,5.899,3.526,0.031,440.696,440.089,3.797,0.046,0.099,2.087,0.0,0.0,0.0,0.0,0.0,2.087,0.0,2019-05-27
cha153,440.696,0.879,1.889,0.133,9.997,1.687,0.053,447.88,444.288,1.875,0.056,0.079,2.08,0.0,0.0,0.0,0.0,0.0,2.08,0.0,2019-05-28
cha153,447.88,0.855,3.534,0.298,1.396,3.16,0.0,444.891,446.386,3.525,0.067,0.042,1.925,0.0,0.0,0.0,0.0,0.0,1.925,0.0,2019-05-29
cha153,444.891,0.832,4.109,0.382,0.548,3.688,0.0,440.501,442.696,4.101,0.032,0.022,1.862,0.0,0.0,0.0,0.0,0.0,1.862,0.0,2019-05-30
cha153,440.501,0.808,6.266,0.674,0.0,5.576,0.0,433.438,436.97,6.25,0.0,0.012,1.844,0.0,0.0,0.0,0.0,0.0,1.844,0.0,2019-05-31
cha153,433.438,0.786,4.597,0.573,0.0,4.012,0.0,428.061,430.749,4.586,0.0,0.006,1.847,0.0,0.0,0.0,0.0,0.0,1.847,0.0,2019-06-01
cha153,428.061,0.764,5.711,0.872,0.0,4.827,0.0,421.593,424.827,5.699,0.0,0.003,1.858,0.0,0.0,0.0,0.0,0.0,1.858,0.0,2019-06-02
cha153,421.593,0.745,4.99,0.831,4.718,4.045,0.0,420.552,421.073,5.01,0.133,0.002,1.87,0.0,0.0,0.0,0.0,0.0,1.87,0.0,2019-06-03
cha153,420.552,0.725,5.507,1.038,4.336,4.415,0.0,418.554,419.553,5.603,0.151,0.001,1.883,0.0,0.0,0.0,0.0,0.0,1.883,0.0,2019-06-04
cha153,418.554,0.706,5.335,1.166,0.0,4.148,0.0,412.53,415.542,5.314,0.0,0.001,1.892,0.0,0.0,0.0,0.0,0.0,1.892,0.0,2019-06-05
cha153,412.53,0.686,5.577,1.432,0.0,3.922,0.0,406.485,409.507,5.354,0.0,0.0,1.899,0.0,0.0,0.0,0.0,0.0,1.899,0.0,2019-06-06
cha153,406.485,0.668,6.366,1.907,0.0,4.022,0.0,399.884,403.184,5.928,0.0,0.0,1.903,0.0,0.0,0.0,0.0,0.0,1.903,0.0,2019-06-07
cha153,399.884,0.65,6.511,2.257,0.0,3.709,0.0,393.264,396.574,5.966,0.0,0.0,1.904,0.0,0.0,0.0,0.0,0.0,1.904,0.0,2019-06-08
cha153,393.264,0.633,4.131,1.635,0.0,2.074,0.0,388.918,391.091,3.709,0.0,0.0,1.903,0.0,0.0,0.0,0.0,0.0,1.903,0.0,2019-06-09
cha153,388.918,0.615,7.109,3.156,0.0,3.123,0.0,382.018,385.468,6.279,0.0,0.0,1.898,0.0,0.0,0.0,0.0,0.0,1.898,0.0,2019-06-10
cha153,382.018,0.599,5.299,2.254,5.263,1.949,0.0,382.104,382.061,4.573,0.37,0.0,1.891,0.0,0.0,0.0,0.0,0.0,1.891,0.0,2019-06-11
cha153,382.104,0.584,4.235,2.179,0.0,1.828,0.0,377.51,379.807,4.006,0.0,0.0,1.882,0.0,0.0,0.0,0.0,0.0,1.882,0.0,2019-06-12
cha153,377.51,0.569,5.842,3.117,0.0,1.84,0.0,371.98,374.745,4.957,0.0,0.0,1.87,0.0,0.0,0.0,0.0,0.0,1.87,0.0,2019-06-13
cha153,371.98,0.554,5.206,2.262,2.116,1.306,0.0,369.525,370.752,4.012,0.444,0.0,1.857,0.0,0.0,0.0,0.0,0.0,1.857,0.0,2019-06-14
cha153,369.525,0.543,4.153,2.047,44.942,1.166,5.385,404.853,387.189,3.682,0.469,2.541,11.93,0.0,0.0,0.0,0.0,0.0,11.93,0.0,2019-06-15
cha153,404.853,0.53,4.337,2.77,0.0,1.565,0.0,399.984,402.419,4.335,0.0,1.31,6.841,0.0,0.0,0.0,0.0,0.0,6.841,0.0,2019-06-16
cha153,399.984,0.519,3.827,2.028,10.892,1.379,0.002,406.409,403.197,3.942,0.534,0.694,4.367,0.0,0.0,0.0,0.0,0.0,4.367,0.0,2019-06-17
cha153,406.409,0.507,2.978,1.508,8.145,1.029,0.0,410.942,408.676,3.101,0.564,0.374,3.116,0.0,0.0,0.0,0.0,0.0,3.116,0.0,2019-06-18
cha153,410.942,0.495,3.637,2.761,0.0,0.874,0.0,406.808,408.875,3.635,0.0,0.205,2.466,0.0,0.0,0.0,0.0,0.0,2.466,0.0,2019-06-19
cha153,406.808,0.483,4.325,2.651,0.83,1.203,0.0,402.718,404.763,4.433,0.578,0.114,2.119,0.0,0.0,0.0,0.0,0.0,2.119,0.0,2019-06-20
cha153,402.718,0.473,2.554,1.365,14.247,0.828,0.0,413.651,408.185,2.836,0.644,0.064,1.925,0.0,0.0,0.0,0.0,0.0,1.925,0.0,2019-06-21
cha153,413.651,0.465,3.961,2.425,8.566,0.981,0.021,417.65,415.651,4.077,0.671,0.046,1.876,0.0,0.0,0.0,0.0,0.0,1.876,0.0,2019-06-22
cha153,417.65,0.455,3.201,1.952,1.229,0.764,0.0,415.111,416.38,3.309,0.594,0.026,1.773,0.0,0.0,0.0,0.0,0.0,1.773,0.0,2019-06-23
cha153,415.111,0.444,4.885,4.238,0.191,0.522,0.0,409.949,412.53,4.905,0.145,0.015,1.707,0.0,0.0,0.0,0.0,0.0,1.707,0.0,2019-06-24
cha153,409.949,0.434,6.197,5.524,0.244,0.507,0.0,403.537,406.743,6.218,0.188,0.008,1.66,0.0,0.0,0.0,0.0,0.0,1.66,0.0,2019-06-25
cha153,403.537,0.424,5.435,5.157,0.0,0.278,0.0,397.674,400.606,5.435,0.0,0.005,1.623,0.0,0.0,0.0,0.0,0.0,1.623,0.0,2019-06-26
cha153,397.674,0.414,4.689,3.937,0.431,0.468,0.0,392.959,395.317,4.728,0.323,0.003,1.591,0.0,0.0,0.0,0.0,0.0,1.591,0.0,2019-06-27
cha153,392.959,0.405,4.744,3.208,4.902,0.818,0.0,392.623,392.791,4.83,0.803,0.002,1.561,0.0,0.0,0.0,0.0,0.0,1.561,0.0,2019-06-28
cha153,392.623,0.396,5.768,5.546,0.0,0.222,0.0,386.455,389.539,5.768,0.0,0.001,1.533,0.0,0.0,0.0,0.0,0.0,1.533,0.0,2019-06-29
cha153,386.455,0.387,6.437,6.212,0.0,0.224,0.0,379.627,383.041,6.437,0.0,0.001,1.506,0.0,0.0,0.0,0.0,0.0,1.506,0.0,2019-06-30
cha153,379.627,0.379,6.267,6.073,0.0,0.193,0.0,372.979,376.303,6.265,0.0,0.0,1.479,0.0,0.0,0.0,0.0,0.0,1.479,0.0,2019-07-01
cha153,372.979,0.37,5.37,3.73,5.063,0.659,0.0,372.397,372.688,5.271,0.882,0.0,1.452,0.0,0.0,0.0,0.0,0.0,1.452,0.0,2019-07-02
cha153,372.397,0.362,4.591,2.998,5.96,0.731,0.0,373.367,372.882,4.624,0.895,0.0,1.426,0.0,0.0,0.0,0.0,0.0,1.426,0.0,2019-07-03
cha153,373.367,0.355,4.334,2.758,12.184,0.733,0.03,380.765,377.066,4.397,0.905,0.014,1.399,0.0,0.0,0.0,0.0,0.0,1.399,0.0,2019-07-04
cha153,380.765,0.348,5.134,4.187,0.961,0.497,0.0,376.196,378.48,5.179,0.496,0.007,1.372,0.0,0.0,0.0,0.0,0.0,1.372,0.0,2019-07-05
cha153,376.196,0.341,4.552,4.463,0.0,0.088,0.0,371.3,373.748,4.551,0.0,0.004,1.346,0.0,0.0,0.0,0.0,0.0,1.346,0.0,2019-07-06
cha153,371.3,0.334,5.403,5.305,0.0,0.096,0.0,365.562,368.431,5.401,0.0,0.002,1.32,0.0,0.0,0.0,0.0,0.0,1.32,0.0,2019-07-07
cha153,365.562,0.326,5.532,5.441,0.0,0.088,0.0,359.703,362.633,5.529,0.0,0.001,1.243,0.0,0.0,0.0,0.0,0.0,1.243,0.0,2019-07-08
cha153,359.703,0.313,4.932,3.389,6.223,0.449,0.0,360.891,360.297,4.719,0.881,0.001,1.219,0.0,0.0,0.0,0.0,0.0,1.219,0.0,2019-07-09
cha153,360.891,0.294,5.164,5.092,0.0,0.068,0.0,355.433,358.162,5.16,0.0,0.0,1.193,0.0,0.0,0.0,0.0,0.0,1.193,0.0,2019-07-10
cha153,355.433,0.27,5.127,5.064,0.0,0.058,0.0,350.038,352.736,5.122,0.0,0.0,1.164,0.0,0.0,0.0,0.0,0.0,1.164,0.0,2019-07-11
cha153,350.038,0.244,5.557,5.496,0.0,0.055,0.0,344.239,347.138,5.552,0.0,0.0,1.133,0.0,0.0,0.0,0.0,0.0,1.133,0.0,2019-07-12
cha153,344.239,0.213,4.945,4.879,0.009,0.052,0.0,339.091,341.665,4.94,0.009,0.0,0.3769,0.0,0.0,0.0,0.0,0.0,0.3769,0.0,2019-07-13
cha153,339.091,0.183,6.266,6.203,0.0,0.051,0.0,332.651,335.871,6.254,0.0,0.0,0.3248,0.0,0.0,0.0,0.0,0.0,0.3248,0.0,2019-07-14
cha153,332.651,0.152,5.283,3.649,5.733,0.293,0.0,333.344,332.997,4.885,0.943,0.0,0.3172,0.0,0.0,0.0,0.0,0.0,0.3172,0.0,2019-07-15
cha153,333.344,0.149,4.98,4.464,0.288,0.185,0.0,328.565,330.954,4.915,0.265,0.0,0.1581,0.0,0.0,0.0,0.0,0.0,0.1581,0.0,2019-07-16
cha153,328.565,0.141,3.055,1.856,14.521,0.38,0.002,339.775,334.17,3.166,0.93,0.001,0.1565,0.0,0.0,0.0,0.0,0.0,0.1565,0.0,2019-07-17
cha153,339.775,0.14,5.37,3.727,15.287,0.707,0.246,349.315,344.545,5.358,0.923,0.115,0.5145,0.0,0.0,0.0,0.0,0.0,0.5145,0.0,2019-07-18
cha153,349.315,0.139,6.305,6.173,0.0,0.108,0.0,342.891,346.103,6.282,0.0,0.06,0.276,0.0,0.0,0.0,0.0,0.0,0.276,0.0,2019-07-19
cha153,342.891,0.139,4.424,2.861,1.297,0.627,0.0,339.655,341.273,4.392,0.904,0.032,0.1636,0.0,0.0,0.0,0.0,0.0,0.1636,0.0,2019-07-20
cha153,339.655,0.138,4.39,4.266,0.0,0.092,0.0,335.156,337.405,4.358,0.0,0.018,0.1096,0.0,0.0,0.0,0.0,0.0,0.1096,0.0,2019-07-21
cha153,335.156,0.137,4.849,4.697,0.0,0.101,0.0,330.218,332.687,4.798,0.0,0.01,0.08366,0.0,0.0,0.0,0.0,0.0,0.08366,0.0,2019-07-22
cha153,330.218,0.136,4.936,4.771,0.0,0.105,0.0,325.202,327.71,4.876,0.0,0.006,0.07141,0.0,0.0,0.0,0.0,0.0,0.07141,0.0,2019-07-23
cha153,325.202,0.135,4.87,4.699,0.0,0.108,0.0,320.258,322.73,4.807,0.0,0.003,0.06706,0.0,0.0,0.0,0.0,0.0,0.06706,0.0,2019-07-24
cha153,320.258,0.134,4.06,2.513,2.315,0.306,0.0,318.739,319.498,3.697,0.878,0.002,0.06605,0.0,0.0,0.0,0.0,0.0,0.06605,0.0,2019-07-25
cha153,318.739,0.134,5.947,5.712,0.0,0.173,0.0,312.717,315.728,5.886,0.0,0.001,0.0667,0.0,0.0,0.0,0.0,0.0,0.0667,0.0,2019-07-26
cha153,312.717,0.131,5.764,5.523,0.0,0.15,0.0,306.91,309.814,5.672,0.0,0.001,0.06809,0.0,0.0,0.0,0.0,0.0,0.06809,0.0,2019-07-27
cha153,306.91,0.128,4.764,3.147,13.692,0.311,0.03,316.128,311.519,4.314,0.857,0.015,0.1652,0.0,0.0,0.0,0.0,0.0,0.1652,0.0,2019-07-28
cha153,316.128,0.127,4.626,4.405,0.0,0.178,0.0,311.415,313.771,4.584,0.0,0.008,0.1196,0.0,0.0,0.0,0.0,0.0,0.1196,0.0,2019-07-29
cha153,311.415,0.126,4.819,4.575,0.0,0.165,0.0,306.547,308.981,4.74,0.0,0.004,0.09787,0.0,0.0,0.0,0.0,0.0,0.09787,0.0,2019-07-30
cha153,306.547,0.125,3.695,3.338,0.0,0.126,0.0,302.955,304.751,3.464,0.0,0.002,0.08771,0.0,0.0,0.0,0.0,0.0,0.08771,0.0,2019-07-31
cha153,302.955,0.124,4.565,4.119,0.0,0.164,0.0,298.546,300.751,4.283,0.0,0.001,0.08321,0.0,0.0,0.0,0.0,0.0,0.08321,0.0,2019-08-01
cha153,298.546,0.12,4.249,3.709,0.0,0.153,0.0,294.562,296.554,3.862,0.0,0.001,0.08151,0.0,0.0,0.0,0.0,0.0,0.08151,0.0,2019-08-02
cha153,294.562,0.115,4.645,3.845,0.0,0.18,0.0,290.42,292.491,4.025,0.0,0.0,0.08096,0.0,0.0,0.0,0.0,0.0,0.08096,0.0,2019-08-03
cha153,290.42,0.11,4.818,3.424,0.934,0.255,0.0,287.289,288.855,3.952,0.274,0.0,0.07329,0.0,0.0,0.0,0.0,0.0,0.07329,0.0,2019-08-04
cha153,287.289,0.107,4.527,2.919,10.462,0.266,0.0,293.669,290.479,3.972,0.788,0.0,0.07356,0.0,0.0,0.0,0.0,0.0,0.07356,0.0,2019-08-05
cha153,293.669,0.107,4.718,4.352,0.0,0.258,0.0,288.95,291.309,4.61,0.0,0.0,0.074,0.0,0.0,0.0,0.0,0.0,0.074,0.0,2019-08-06
cha153,288.95,0.106,4.895,4.378,0.0,0.229,0.0,284.234,286.592,4.607,0.0,0.0,0.07451,0.0,0.0,0.0,0.0,0.0,0.07451,0.0,2019-08-07
cha153,284.234,0.105,4.11,3.583,0.0,0.169,0.0,280.376,282.305,3.751,0.0,0.0,0.07504,0.0,0.0,0.0,0.0,0.0,0.07504,0.0,2019-08-08
cha153,280.376,0.103,4.408,3.71,0.0,0.173,0.0,276.388,278.382,3.883,0.0,0.0,0.07557,0.0,0.0,0.0,0.0,0.0,0.07557,0.0,2019-08-09
cha153,276.388,0.101,4.758,2.969,1.241,0.25,0.0,273.84,275.114,3.686,0.467,0.0,0.07607,0.0,0.0,0.0,0.0,0.0,0.07607,0.0,2019-08-10
cha153,273.84,0.1,3.678,1.91,0.854,0.257,0.0,271.843,272.841,2.748,0.581,0.0,0.07654,0.0,0.0,0.0,0.0,0.0,0.07654,0.0,2019-08-11
cha153,271.843,0.099,2.329,1.345,8.242,0.206,0.0,277.765,274.804,2.218,0.666,0.0,0.07698,0.0,0.0,0.0,0.0,0.0,0.07698,0.0,2019-08-12
cha153,277.765,0.099,4.71,3.646,0.0,0.669,0.0,273.349,275.557,4.315,0.0,0.0,0.0774,0.0,0.0,0.0,0.0,0.0,0.0774,0.0,2019-08-13
cha153,273.349,0.099,3.903,2.608,0.193,0.411,0.0,270.229,271.789,3.212,0.193,0.0,0.0778,0.0,0.0,0.0,0.0,0.0,0.0778,0.0,2019-08-14
cha153,270.229,0.098,3.985,2.639,0.0,0.319,0.0,267.171,268.7,2.958,0.0,0.0,0.07816,0.0,0.0,0.0,0.0,0.0,0.07816,0.0,2019-08-15
cha153,267.171,0.097,4.083,2.338,0.0,0.22,0.0,264.512,265.841,2.558,0.0,0.0,0.0785,0.0,0.0,0.0,0.0,0.0,0.0785,0.0,2019-08-16
cha153,264.512,0.096,4.415,2.518,14.252,0.201,0.0,275.404,269.958,3.262,0.542,0.0,0.07881,0.0,0.0,0.0,0.0,0.0,0.07881,0.0,2019-08-17
cha153,275.404,0.096,3.748,2.62,0.0,0.761,0.0,271.925,273.665,3.381,0.0,0.0,0.0791,0.0,0.0,0.0,0.0,0.0,0.0791,0.0,2019-08-18
cha153,271.925,0.096,4.021,2.254,58.199,0.571,10.438,316.222,294.074,3.366,0.541,4.999,25.28,0.0,0.0,0.0,0.0,0.0,25.28,0.0,2019-08-19
cha153,316.222,0.096,3.956,2.252,0.601,1.342,0.0,312.664,314.443,4.061,0.468,2.553,12.8,0.0,0.0,0.0,0.0,0.0,12.8,0.0,2019-08-20
cha153,312.664,0.096,2.548,1.75,0.028,0.76,0.0,310.057,311.36,2.537,0.027,1.332,6.63,0.0,0.0,0.0,0.0,0.0,6.63,0.0,2019-08-21
cha153,310.057,0.096,3.736,2.598,0.0,1.108,0.0,306.253,308.155,3.706,0.0,0.707,3.505,0.0,0.0,0.0,0.0,0.0,3.505,0.0,2019-08-22
cha153,306.253,0.096,4.375,3.038,0.0,1.284,0.0,301.833,304.043,4.322,0.0,0.38,1.894,0.0,0.0,0.0,0.0,0.0,1.894,0.0,2019-08-23
cha153,301.833,0.095,4.737,3.244,0.058,1.353,0.0,297.14,299.487,4.653,0.055,0.207,1.02,0.0,0.0,0.0,0.0,0.0,1.02,0.0,2019-08-24
cha153,297.14,0.095,3.315,2.299,0.0,0.853,0.0,293.891,295.516,3.151,0.0,0.114,0.5754,0.0,0.0,0.0,0.0,0.0,0.5754,0.0,2019-08-25
cha153,293.891,0.095,2.622,1.544,0.422,0.703,0.0,291.71,292.801,2.506,0.259,0.063,0.3383,0.0,0.0,0.0,0.0,0.0,0.3383,0.0,2019-08-26
cha153,291.71,0.095,5.299,3.01,0.165,1.21,0.0,287.457,289.584,4.321,0.101,0.036,0.211,0.0,0.0,0.0,0.0,0.0,0.211,0.0,2019-08-27
cha153,287.457,0.095,5.518,2.248,0.024,1.366,0.0,283.747,285.602,3.637,0.022,0.02,0.1055,0.0,0.0,0.0,0.0,0.0,0.1055,0.0,2019-08-28
cha153,283.747,0.095,4.458,1.338,0.011,1.171,0.0,281.152,282.45,2.509,0.0,0.011,0.07033,0.0,0.0,0.0,0.0,0.0,0.07033,0.0,2019-08-29
cha153,281.152,0.095,4.248,0.38,0.0,1.154,0.0,279.522,280.337,1.534,0.0,0.007,0.05221,0.0,0.0,0.0,0.0,0.0,0.05221,0.0,2019-08-30
cha153,279.522,0.094,2.075,0.086,0.641,0.681,0.0,279.244,279.383,0.822,0.054,0.004,0.04336,0.0,0.0,0.0,0.0,0.0,0.04336,0.0,2019-08-31
cha153,279.244,0.094,3.142,0.094,0.009,1.338,0.0,277.724,278.484,1.432,0.0,0.002,0.03954,0.0,0.0,0.0,0.0,0.0,0.03954,0.0,2019-09-01
cha153,277.724,0.094,4.845,0.145,0.249,1.737,0.0,275.995,276.86,1.882,0.0,0.001,0.03846,0.0,0.0,0.0,0.0,0.0,0.03846,0.0,2019-09-02
cha153,275.995,0.094,4.209,0.001,0.599,1.496,0.0,274.977,275.486,1.52,0.023,0.001,0.03884,0.0,0.0,0.0,0.0,0.0,0.03884,0.0,2019-09-03
cha153,274.977,0.094,4.305,0.001,0.0,1.667,0.0,273.213,274.095,1.668,0.0,0.0,0.04,0.0,0.0,0.0,0.0,0.0,0.04,0.0,2019-09-04
cha153,273.213,0.094,5.2,0.001,0.0,1.463,0.0,271.654,272.434,1.464,0.0,0.0,0.04154,0.0,0.0,0.0,0.0,0.0,0.04154,0.0,2019-09-05
cha153,271.654,0.093,4.811,0.001,0.0,1.184,0.0,270.373,271.013,1.185,0.0,0.0,0.04325,0.0,0.0,0.0,0.0,0.0,0.04325,0.0,2019-09-06
cha153,270.373,0.093,4.204,0.001,6.26,0.945,0.0,275.591,272.982,0.946,0.0,0.0,0.04502,0.0,0.0,0.0,0.0,0.0,0.04502,0.0,2019-09-07
cha153,275.591,0.093,3.13,0.001,1.492,1.863,0.0,275.125,275.358,1.864,0.0,0.0,0.04678,0.0,0.0,0.0,0.0,0.0,0.04678,0.0,2019-09-08
cha153,275.125,0.093,3.097,0.001,20.988,1.729,0.397,293.892,284.508,1.73,0.0,0.178,0.6207,0.0,0.0,0.0,0.0,0.0,0.6207,0.0,2019-09-09
cha153,293.892,0.093,4.417,0.001,0.606,3.489,0.0,290.913,292.402,3.49,0.0,0.096,0.3322,0.0,0.0,0.0,0.0,0.0,0.3322,0.0,2019-09-10
cha153,290.913,0.093,3.43,0.001,16.251,2.577,0.014,304.477,297.695,2.578,0.0,0.06,0.2367,0.0,0.0,0.0,0.0,0.0,0.2367,0.0,2019-09-11
cha153,304.477,0.093,3.557,0.001,2.488,2.919,0.0,303.95,304.214,2.92,0.0,0.033,0.1491,0.0,0.0,0.0,0.0,0.0,0.1491,0.0,2019-09-12
cha153,303.95,0.093,4.508,0.001,0.0,3.717,0.0,300.137,302.044,3.719,0.0,0.019,0.105,0.0,0.0,0.0,0.0,0.0,0.105,0.0,2019-09-13
cha153,300.137,0.093,3.072,0.001,9.969,2.478,0.007,307.526,303.831,2.479,0.0,0.014,0.08272,0.0,0.0,0.0,0.0,0.0,0.08272,0.0,2019-09-14
cha153,307.526,0.092,4.107,0.001,0.0,3.399,0.0,304.031,305.778,3.4,0.0,0.008,0.07158,0.0,0.0,0.0,0.0,0.0,0.07158,0.0,2019-09-15
cha153,304.031,0.092,5.204,0.0,0.0,4.078,0.0,299.859,301.945,4.078,0.0,0.004,0.06621,0.0,0.0,0.0,0.0,0.0,0.06621,0.0,2019-09-16
cha153,299.859,0.092,5.889,0.0,0.0,4.233,0.0,295.531,297.695,4.233,0.0,0.003,0.06386,0.0,0.0,0.0,0.0,0.0,0.06386,0.0,2019-09-17
cha153,295.531,0.093,3.903,0.0,36.365,2.573,4.019,325.209,310.37,2.573,0.0,1.926,9.456,0.0,0.0,0.0,0.0,0.0,9.456,0.0,2019-09-18
cha153,325.209,0.093,3.343,0.0,6.261,2.799,0.0,328.576,326.892,2.799,0.0,0.982,4.701,0.0,0.0,0.0,0.0,0.0,4.701,0.0,2019-09-19
cha153,328.576,0.093,5.091,0.0,0.02,4.266,0.0,324.235,326.405,4.266,0.0,0.513,2.403,0.0,0.0,0.0,0.0,0.0,2.403,0.0,2019-09-20
cha153,324.235,0.094,3.319,0.0,18.75,2.745,0.004,340.14,332.187,2.745,0.0,0.275,1.266,0.0,0.0,0.0,0.0,0.0,1.266,0.0,2019-09-21
cha153,340.14,0.101,1.589,0.0,14.624,1.33,0.014,353.316,346.728,1.33,0.0,0.155,0.7346,0.0,0.0,0.0,0.0,0.0,0.7346,0.0,2019-09-22
cha153,353.316,0.101,4.21,0.0,0.0,3.541,0.0,349.671,351.493,3.541,0.0,0.084,0.4162,0.0,0.0,0.0,0.0,0.0,0.4162,0.0,2019-09-23
cha153,349.671,0.102,5.855,0.0,9.622,4.925,0.0,354.263,351.967,4.925,0.0,0.047,0.2519,0.0,0.0,0.0,0.0,0.0,0.2519,0.0,2019-09-24
cha153,354.263,0.102,2.538,0.0,0.0,2.138,0.0,352.02,353.142,2.138,0.0,0.026,0.1664,0.0,0.0,0.0,0.0,0.0,0.1664,0.0,2019-09-25
cha153,352.02,0.102,4.623,0.0,0.0,3.904,0.0,348.012,350.016,3.904,0.0,0.014,0.1217,0.0,0.0,0.0,0.0,0.0,0.1217,0.0,2019-09-26
cha153,348.012,0.102,2.676,0.0,1.644,2.272,0.0,347.28,347.646,2.272,0.0,0.008,0.09846,0.0,0.0,0.0,0.0,0.0,0.09846,0.0,2019-09-27
cha153,347.28,0.102,3.8,0.0,3.316,3.223,0.0,347.269,347.274,3.223,0.0,0.005,0.08639,0.0,0.0,0.0,0.0,0.0,0.08639,0.0,2019-09-28
cha153,347.269,0.101,2.337,0.0,4.119,1.987,0.0,349.297,348.283,1.987,0.0,0.003,0.08026,0.0,0.0,0.0,0.0,0.0,0.08026,0.0,2019-09-29
cha153,349.297,0.101,5.165,0.0,0.974,4.384,0.0,345.784,347.54,4.384,0.0,0.002,0.07728,0.0,0.0,0.0,0.0,0.0,0.07728,0.0,2019-09-30
cha153,345.784,0.166,1.579,0.0,36.385,1.337,2.078,378.584,362.184,1.337,0.0,0.986,3.042,0.0,0.0,0.0,0.0,0.0,3.042,0.0,2019-10-01
cha153,378.584,0.267,0.773,0.0,13.157,0.66,0.0,390.811,384.698,0.66,0.0,0.508,1.595,0.0,0.0,0.0,0.0,0.0,1.595,0.0,2019-10-02
cha153,390.811,0.262,2.123,0.0,0.0,1.815,0.0,388.731,389.771,1.815,0.0,0.267,0.8732,0.0,0.0,0.0,0.0,0.0,0.8732,0.0,2019-10-03
cha153,388.731,0.299,3.017,0.0,9.452,2.58,0.0,395.3,392.015,2.58,0.0,0.143,0.5032,0.0,0.0,0.0,0.0,0.0,0.5032,0.0,2019-10-04
cha153,395.3,0.485,2.265,0.0,18.842,1.943,0.205,411.504,403.402,1.943,0.0,0.177,0.9436,0.0,0.0,0.0,0.0,0.0,0.9436,0.0,2019-10-05
cha153,411.504,0.474,4.023,0.0,0.0,3.458,0.0,407.569,409.537,3.458,0.0,0.093,0.5305,0.0,0.0,0.0,0.0,0.0,0.5305,0.0,2019-10-06
cha153,407.569,0.462,4.079,0.0,0.0,3.506,0.0,403.597,405.583,3.506,0.0,0.05,0.3191,0.0,0.0,0.0,0.0,0.0,0.3191,0.0,2019-10-07
cha153,403.597,0.451,4.349,0.0,0.0,3.748,0.0,399.394,401.496,3.748,0.0,0.027,0.2095,0.0,0.0,0.0,0.0,0.0,0.2095,0.0,2019-10-08
cha153,399.394,0.44,4.376,0.0,11.412,3.78,0.0,406.582,402.988,3.78,0.0,0.015,0.1524,0.0,0.0,0.0,0.0,0.0,0.1524,0.0,2019-10-09
cha153,406.582,0.639,1.476,0.0,19.01,1.276,0.131,423.541,415.061,1.276,0.0,0.071,0.6028,0.0,0.0,0.0,0.0,0.0,0.6028,0.0,2019-10-10
cha153,423.541,0.623,1.462,0.0,0.0,1.266,0.0,421.647,422.594,1.266,0.0,0.037,0.4789,0.0,0.0,0.0,0.0,0.0,0.4789,0.0,2019-10-11
cha153,421.647,0.607,2.909,0.0,0.041,2.514,0.0,418.563,420.105,2.514,0.0,0.019,0.4499,0.0,0.0,0.0,0.0,0.0,0.4499,0.0,2019-10-12
cha153,418.563,0.592,2.018,0.0,0.0,1.746,0.0,416.222,417.392,1.746,0.0,0.01,0.4657,0.0,0.0,0.0,0.0,0.0,0.4657,0.0,2019-10-13
cha153,416.222,0.577,2.458,0.0,0.0,2.134,0.0,413.507,414.864,2.134,0.0,0.005,0.5016,0.0,0.0,0.0,0.0,0.0,0.5016,0.0,2019-10-14
cha153,413.507,0.562,3.396,0.0,0.0,2.95,0.0,409.99,411.749,2.95,0.0,0.003,0.5452,0.0,0.0,0.0,0.0,0.0,0.5452,0.0,2019-10-15
cha153,409.99,0.548,1.736,0.0,0.0,1.511,0.0,407.927,408.959,1.511,0.0,0.002,0.5905,0.0,0.0,0.0,0.0,0.0,0.5905,0.0,2019-10-16
cha153,407.927,0.535,2.529,0.0,0.0,2.207,0.0,405.182,406.554,2.207,0.0,0.001,0.6345,0.0,0.0,0.0,0.0,0.0,0.6345,0.0,2019-10-17
cha153,405.182,0.521,4.487,0.0,3.125,3.922,0.0,403.859,404.52,3.922,0.0,0.0,0.6757,0.0,0.0,0.0,0.0,0.0,0.6757,0.0,2019-10-18
cha153,403.859,0.509,1.873,0.0,2.799,1.644,0.0,404.501,404.18,1.644,0.0,0.0,0.6755,0.0,0.0,0.0,0.0,0.0,0.6755,0.0,2019-10-19
cha153,404.501,0.645,2.792,0.0,22.143,2.444,0.237,423.313,413.907,2.444,0.0,0.116,1.27,0.0,0.0,0.0,0.0,0.0,1.27,0.0,2019-10-20
cha153,423.313,0.763,1.989,0.0,12.892,1.743,0.0,433.695,428.504,1.743,0.0,0.058,1.075,0.0,0.0,0.0,0.0,0.0,1.075,0.0,2019-10-21
cha153,433.695,0.743,2.764,0.0,0.018,2.425,0.0,430.541,432.118,2.425,0.0,0.03,1.015,0.0,0.0,0.0,0.0,0.0,1.015,0.0,2019-10-22
cha153,430.541,0.759,1.453,0.0,5.917,1.275,0.0,434.42,432.48,1.275,0.0,0.016,1.021,0.0,0.0,0.0,0.0,0.0,1.021,0.0,2019-10-23
cha153,434.42,0.739,1.697,0.0,0.0,1.493,0.0,432.183,433.302,1.493,0.0,0.008,1.051,0.0,0.0,0.0,0.0,0.0,1.051,0.0,2019-10-24
cha153,432.183,0.719,2.012,0.0,0.0,1.773,0.0,429.686,430.935,1.773,0.0,0.004,1.091,0.0,0.0,0.0,0.0,0.0,1.091,0.0,2019-10-25
cha153,429.686,0.7,1.843,0.0,0.0,1.627,0.0,427.354,428.52,1.627,0.0,0.002,1.133,0.0,0.0,0.0,0.0,0.0,1.133,0.0,2019-10-26
cha153,427.354,0.682,1.43,0.0,0.0,1.262,0.0,425.405,426.379,1.262,0.0,0.001,1.173,0.0,0.0,0.0,0.0,0.0,1.173,0.0,2019-10-27
cha153,425.405,0.665,1.278,0.0,1.733,1.136,0.0,425.333,425.369,1.136,0.0,0.001,1.21,0.0,0.0,0.0,0.0,0.0,1.21,0.0,2019-10-28
cha153,425.333,0.648,1.409,0.0,0.0,1.246,0.0,423.434,424.384,1.246,0.0,0.0,1.244,0.0,0.0,0.0,0.0,0.0,1.244,0.0,2019-10-29
cha153,423.434,0.632,1.4,0.0,0.267,1.126,0.0,421.672,422.553,1.126,0.0,0.0,1.273,0.0,0.0,0.0,0.0,0.0,1.273,0.0,2019-10-30
cha153,421.672,0.616,2.416,0.0,0.0,2.144,0.0,419.176,420.424,2.144,0.0,0.0,1.299,0.0,0.0,0.0,0.0,0.0,1.299,0.0,2019-10-31
cha153,419.176,0.6,1.863,0.0,0.521,1.657,0.0,417.435,418.305,1.657,0.0,0.0,1.32,0.0,0.0,0.0,0.0,0.0,1.32,0.0,2019-11-01
cha153,417.435,0.585,2.041,0.0,0.0,1.815,0.0,415.031,416.233,1.815,0.0,0.0,1.338,0.0,0.0,0.0,0.0,0.0,1.338,0.0,2019-11-02
cha153,415.031,0.571,1.646,0.0,1.914,1.464,0.0,414.907,414.969,1.464,0.0,0.0,1.353,0.0,0.0,0.0,0.0,0.0,1.353,0.0,2019-11-03
cha153,414.907,0.557,1.419,0.0,0.0,1.264,0.0,413.082,413.994,1.264,0.0,0.0,1.365,0.0,0.0,0.0,0.0,0.0,1.365,0.0,2019-11-04
cha153,413.082,0.543,1.215,0.0,0.0,1.082,0.0,411.452,412.267,1.082,0.0,0.0,1.374,0.0,0.0,0.0,0.0,0.0,1.374,0.0,2019-11-05
cha153,411.452,0.53,0.519,0.0,1.73,0.26,0.0,410.657,411.055,0.26,0.0,0.0,1.38,0.0,0.0,0.0,0.0,0.0,1.38,0.0,2019-11-06
cha153,410.657,0.514,0.663,0.0,0.0,0.332,0.0,409.808,410.233,0.332,0.0,0.0,1.383,0.0,0.0,0.0,0.0,0.0,1.383,0.0,2019-11-07
cha153,409.808,0.502,1.117,0.0,0.0,0.559,0.0,408.744,409.276,0.559,0.0,0.0,1.384,0.0,0.0,0.0,0.0,0.0,1.384,0.0,2019-11-08
cha153,408.744,0.492,2.214,0.0,0.0,1.977,0.072,407.927,408.336,1.977,0.0,0.035,1.551,0.0,0.0,0.0,0.0,0.0,1.551,0.0,2019-11-09
cha153,407.927,0.478,0.546,0.0,3.377,0.273,0.0,407.172,407.55,0.273,0.0,0.018,1.463,0.0,0.0,0.0,0.0,0.0,1.463,0.0,2019-11-10
cha153,407.172,0.461,0.366,0.0,0.0,0.183,0.0,406.524,406.848,0.183,0.0,0.009,1.416,0.0,0.0,0.0,0.0,0.0,1.416,0.0,2019-11-11
cha153,406.524,0.449,0.442,0.0,0.0,0.221,0.0,405.85,406.187,0.221,0.0,0.005,1.388,0.0,0.0,0.0,0.0,0.0,1.388,0.0,2019-11-12
cha153,405.85,0.439,0.604,0.0,0.866,0.302,0.0,405.106,405.478,0.302,0.0,0.003,1.37,0.0,0.0,0.0,0.0,0.0,1.37,0.0,2019-11-13
cha153,405.106,0.429,0.414,0.0,0.0,0.207,0.0,404.466,404.786,0.207,0.0,0.001,1.354,0.0,0.0,0.0,0.0,0.0,1.354,0.0,2019-11-14
cha153,404.466,0.42,1.327,0.0,0.0,1.188,0.766,406.331,405.398,1.188,0.0,0.365,2.83,0.0,0.0,0.0,0.0,0.0,2.83,0.0,2019-11-15
cha153,406.331,0.411,1.948,0.0,0.421,1.745,0.005,404.587,405.459,1.745,0.0,0.19,2.043,0.0,0.0,0.0,0.0,0.0,2.043,0.0,2019-11-16
cha153,404.587,0.405,1.209,0.0,2.645,1.081,0.204,405.538,405.063,1.081,0.0,0.199,2.054,0.0,0.0,0.0,0.0,0.0,2.054,0.0,2019-11-17
cha153,405.538,0.402,1.118,0.0,4.044,1.0,0.68,407.496,406.517,1.0,0.0,0.427,3.167,0.0,0.0,0.0,0.0,0.0,3.167,0.0,2019-11-18
cha153,407.496,0.394,1.386,0.0,0.0,1.238,0.0,405.861,406.678,1.238,0.0,0.221,2.21,0.0,0.0,0.0,0.0,0.0,2.21,0.0,2019-11-19
cha153,405.861,0.386,2.158,0.0,13.118,1.927,3.063,413.599,409.73,1.927,0.0,1.503,5.646,0.0,0.0,0.0,0.0,0.0,5.646,0.0,2019-11-20
cha153,413.599,0.378,0.998,0.0,0.0,0.889,0.0,412.328,412.964,0.889,0.0,0.805,3.579,0.0,0.0,0.0,0.0,0.0,3.579,0.0,2019-11-21
cha153,412.328,0.37,1.021,0.0,0.0,0.913,0.0,411.042,411.685,0.913,0.0,0.44,2.491,0.0,0.0,0.0,0.0,0.0,2.491,0.0,2019-11-22
cha153,411.042,0.362,1.7,0.0,0.0,1.52,0.0,409.155,410.099,1.52,0.0,0.245,1.901,0.0,0.0,0.0,0.0,0.0,1.901,0.0,2019-11-23
cha153,409.155,0.355,1.752,0.0,0.0,1.564,0.0,407.233,408.194,1.564,0.0,0.138,1.572,0.0,0.0,0.0,0.0,0.0,1.572,0.0,2019-11-24
cha153,407.233,0.348,1.671,0.0,0.0,1.493,0.0,405.387,406.31,1.493,0.0,0.078,1.383,0.0,0.0,0.0,0.0,0.0,1.383,0.0,2019-11-25
cha153,405.387,0.341,1.177,0.0,9.499,1.053,0.0,413.488,409.438,1.053,0.0,0.045,1.271,0.0,0.0,0.0,0.0,0.0,1.271,0.0,2019-11-26
cha153,413.488,0.341,1.046,0.0,0.0,0.935,0.0,412.209,412.849,0.935,0.0,0.026,1.201,0.0,0.0,0.0,0.0,0.0,1.201,0.0,2019-11-27
cha153,412.209,0.334,0.475,0.0,0.994,0.237,0.0,411.633,411.921,0.237,0.0,0.015,1.155,0.0,0.0,0.0,0.0,0.0,1.155,0.0,2019-11-28
cha153,411.633,0.328,0.595,0.0,3.996,0.298,0.002,413.131,412.382,0.298,0.0,0.01,1.127,0.0,0.0,0.0,0.0,0.0,1.127,0.0,2019-11-29
cha153,413.131,0.332,0.74,0.0,10.072,0.662,0.339,424.728,418.929,0.662,0.0,0.173,2.186,0.0,0.0,0.0,0.0,0.0,2.186,0.0,2019-11-30
cha153,424.728,0.326,0.44,0.0,0.912,0.234,0.0,424.164,424.446,0.234,0.0,0.088,1.628,0.0,0.0,0.0,0.0,0.0,1.628,0.0,2019-12-01
cha153,424.164,0.317,0.493,0.0,0.0,0.266,0.0,423.578,423.871,0.266,0.0,0.045,1.337,0.0,0.0,0.0,0.0,0.0,1.337,0.0,2019-12-02
cha153,423.578,0.314,1.744,0.0,0.0,1.554,0.014,422.606,423.092,1.554,0.0,0.03,1.225,0.0,0.0,0.0,0.0,0.0,1.225,0.0,2019-12-03
cha153,422.606,0.308,1.746,0.0,0.0,1.56,0.0,420.734,421.67,1.56,0.0,0.015,1.117,0.0,0.0,0.0,0.0,0.0,1.117,0.0,2019-12-04
cha153,420.734,0.402,1.589,0.0,0.0,1.419,0.0,418.909,419.821,1.419,0.0,0.008,1.071,0.0,0.0,0.0,0.0,0.0,1.071,0.0,2019-12-05
cha153,418.909,0.393,1.18,0.0,0.0,1.054,0.0,417.457,418.183,1.054,0.0,0.004,1.047,0.0,0.0,0.0,0.0,0.0,1.047,0.0,2019-12-06
cha153,417.457,0.385,2.233,0.0,0.0,1.997,0.0,415.072,416.264,1.997,0.0,0.002,1.033,0.0,0.0,0.0,0.0,0.0,1.033,0.0,2019-12-07
cha153,415.072,0.382,1.612,0.0,0.0,1.44,0.0,413.246,414.159,1.44,0.0,0.001,1.025,0.0,0.0,0.0,0.0,0.0,1.025,0.0,2019-12-08
cha153,413.246,0.372,0.701,0.0,1.2,0.35,0.0,412.52,412.883,0.35,0.0,0.001,1.018,0.0,0.0,0.0,0.0,0.0,1.018,0.0,2019-12-09
cha153,412.52,0.36,0.361,0.0,1.935,0.181,0.0,411.976,412.248,0.181,0.0,0.0,1.012,0.0,0.0,0.0,0.0,0.0,1.012,0.0,2019-12-10
cha153,411.976,0.35,0.559,0.0,0.0,0.279,0.0,411.343,411.659,0.279,0.0,0.0,1.004,0.0,0.0,0.0,0.0,0.0,1.004,0.0,2019-12-11
cha153,411.343,0.343,0.701,0.0,0.0,0.35,0.0,410.852,411.097,0.35,0.0,0.0,0.9966,0.0,0.0,0.0,0.0,0.0,0.9966,0.0,2019-12-12
cha153,410.852,0.336,0.189,0.0,0.0,0.094,0.0,410.418,410.635,0.094,0.0,0.0,0.9882,0.0,0.0,0.0,0.0,0.0,0.9882,0.0,2019-12-13
cha153,410.418,0.329,0.331,0.0,0.0,0.166,0.0,409.92,410.169,0.166,0.0,0.0,0.9791,0.0,0.0,0.0,0.0,0.0,0.9791,0.0,2019-12-14
cha153,409.92,0.311,0.169,0.0,0.033,0.084,0.0,409.522,409.721,0.084,0.0,0.0,0.9688,0.0,0.0,0.0,0.0,0.0,0.9688,0.0,2019-12-15
cha153,409.522,0.292,0.207,0.0,0.0,0.104,0.0,409.123,409.322,0.104,0.0,0.0,0.9578,0.0,0.0,0.0,0.0,0.0,0.9578,0.0,2019-12-16
cha153,409.123,0.285,0.453,0.0,0.0,0.227,0.0,408.609,408.866,0.227,0.0,0.0,0.9463,0.0,0.0,0.0,0.0,0.0,0.9463,0.0,2019-12-17
cha153,408.609,0.279,0.4,0.0,0.0,0.2,0.0,408.127,408.368,0.2,0.0,0.0,0.9344,0.0,0.0,0.0,0.0,0.0,0.9344,0.0,2019-12-18
cha153,408.127,0.273,1.435,0.0,0.0,1.278,0.503,409.034,408.58,1.278,0.0,0.241,2.121,0.0,0.0,0.0,0.0,0.0,2.121,0.0,2019-12-19
cha153,409.034,0.293,1.372,0.0,0.0,1.224,0.0,407.514,408.274,1.224,0.0,0.123,1.511,0.0,0.0,0.0,0.0,0.0,1.511,0.0,2019-12-20
cha153,407.514,0.287,1.522,0.0,0.0,1.359,0.0,405.865,406.689,1.359,0.0,0.064,1.204,0.0,0.0,0.0,0.0,0.0,1.204,0.0,2019-12-21
cha153,405.865,0.283,2.362,0.0,0.0,2.104,0.0,403.474,404.669,2.104,0.0,0.034,1.043,0.0,0.0,0.0,0.0,0.0,1.043,0.0,2019-12-22
cha153,403.474,0.283,1.592,0.0,0.0,1.42,0.0,401.767,402.621,1.42,0.0,0.018,0.955,0.0,0.0,0.0,0.0,0.0,0.955,0.0,2019-12-23
cha153,401.767,0.279,1.725,0.0,0.0,1.536,0.0,399.948,400.858,1.536,0.0,0.01,0.9038,0.0,0.0,0.0,0.0,0.0,0.9038,0.0,2019-12-24
cha153,399.948,0.276,1.674,0.0,0.0,1.494,0.0,398.174,399.061,1.494,0.0,0.005,0.8711,0.0,0.0,0.0,0.0,0.0,0.8711,0.0,2019-12-25
cha153,398.174,0.272,1.014,0.0,0.0,0.907,0.0,396.992,397.583,0.907,0.0,0.003,0.8478,0.0,0.0,0.0,0.0,0.0,0.8478,0.0,2019-12-26
cha153,396.992,0.267,1.257,0.0,0.998,1.119,0.044,396.557,396.774,1.119,0.0,0.022,0.9627,0.0,0.0,0.0,0.0,0.0,0.9627,0.0,2019-12-27
cha153,396.557,0.263,1.669,0.0,23.11,1.486,14.001,403.913,400.235,1.486,0.0,6.597,28.82,0.0,0.0,0.0,0.0,0.0,28.82,0.0,2019-12-28
cha153,403.913,0.259,1.087,0.0,0.841,0.969,0.0,403.523,403.718,0.969,0.0,3.43,15.24,0.0,0.0,0.0,0.0,0.0,15.24,0.0,2019-12-29
cha153,403.523,0.255,0.861,0.0,1.2,0.431,0.0,402.834,403.179,0.431,0.0,1.818,8.355,0.0,0.0,0.0,0.0,0.0,8.355,0.0,2019-12-30
cha153,402.834,0.249,0.367,0.0,0.0,0.184,0.0,402.398,402.616,0.184,0.0,0.978,4.792,0.0,0.0,0.0,0.0,0.0,4.792,0.0,2019-12-31
