date,temp_c,precip_mm,solar_rad_mj,rh_percent,wind_speed_ms,pet_mm,co2_ppm
2019-01-01,-11.484255725496908,0.0,6.36646658340443,75.26508057706282,4.481454223751918,,400.0
2019-01-02,-4.827749881296752,0.0,7.2006852197419935,66.23904270093198,5.237950324909941,,400.0
2019-01-03,0.6201392952404229,0.0,7.579358410244436,61.87778315381791,4.443919315553694,,400.0
2019-01-04,3.336078123873542,0.0,7.562422627627094,57.0793370216207,3.0130508880667546,,400.0
2019-01-05,4.707195292221117,0.0,7.667304467185034,59.413606212035816,3.0282485778991317,,400.0
2019-01-06,3.8718011071341922,0.7393641563990391,6.430682408470807,67.16280324389356,7.45639968970922,,400.0
2019-01-07,4.055652133811485,0.0,6.740027837914417,87.52911293766374,5.704218516554881,,400.0
2019-01-08,-2.6676547127352275,0.0,8.022987013572417,74.70369745193379,8.765071438992303,,400.0
2019-01-09,-8.952525000211464,0.0,8.026653866857629,49.403597269263365,6.492737774315072,,400.0
2019-01-10,-5.67569473444763,0.0,8.080241297831309,45.28787328589573,3.19417526772128,,400.0
2019-01-11,-1.7391415922222,0.2909693477295636,7.192044160598696,47.319444937550074,3.418524400260919,,400.0
2019-01-12,-3.456379322388897,3.691009562525325,4.412323310509366,87.54992019184814,5.147136518384525,,400.0
2019-01-13,-4.203177034912738,0.0,5.775490584378734,81.01715638718507,2.5786330259752286,,400.0
2019-01-14,-3.538675695231825,0.0,8.446380685217598,82.59991070643429,3.4072545823205624,,400.0
2019-01-15,-4.0122599272177135,0.0,8.384007420325501,81.60490562174732,3.667761016409287,,400.0
2019-01-16,-6.491064882498042,0.8752292589103648,8.729400126583954,70.55446122624832,3.611406908832491,,400.0
2019-01-17,-7.191535958118487,0.0,4.939511739096851,86.08086856103829,1.928589777332552,,400.0
2019-01-18,-9.429932525047166,4.658963263844747,4.258011635557431,90.01133966359252,5.650515887679854,,400.0
2019-01-19,-15.740313400802483,0.05723088281292845,8.271535195403814,89.63348665829676,6.589405179667151,,400.0
2019-01-20,-16.61897480035896,1.103439674338313,4.5645304520856635,75.27185547162092,3.1588637759445684,,400.0
2019-01-21,-11.087427242197464,0.0,6.426923114548415,65.17089708728376,6.930240814672024,,400.0
2019-01-22,-7.092673416926749,3.865465177413317,4.611223666552176,76.90233672076447,4.815284361489662,,400.0
2019-01-23,-8.080735993763435,0.0,9.397253615803228,71.56719573346692,3.8429469515544636,,400.0
2019-01-24,-16.168371810641904,0.0,8.867570511815405,79.32098946017442,6.55716497243272,,400.0
2019-01-25,-17.128011380747566,0.0,7.6008128671710296,69.94397271623944,2.901844873201932,,400.0
2019-01-26,-15.767093616652113,1.4320082349153538,5.479179697636729,77.6841301121876,3.1375787550659275,,400.0
2019-01-27,-14.439918926042301,7.764221500879185,7.061273627059428,71.6107338827678,4.66111667059212,,400.0
2019-01-28,-14.689848265926557,0.0,7.476815166222087,88.60835031829698,6.562553776481303,,400.0
2019-01-29,-24.78891212561787,0.0,10.059714451957033,84.39692988941195,7.5942342802929135,,400.0
2019-01-30,-27.637740151707685,0.0,11.325362169957158,68.92605358239597,4.2007180897669105,,400.0
2019-01-31,-21.527480115175553,1.4227213347024328,8.430373030972987,80.62403746006068,4.084195034848902,,400.0
2019-02-01,-8.507354308363636,0.0,9.358926061194197,65.82940973978198,4.066383935606639,,400.0
2019-02-02,4.759921626823575,0.0,8.311621687251515,67.39789289701157,4.859136195437378,,400.0
2019-02-03,1.9427010213389015,0.0,9.1766581501881,82.84007135023697,3.557541831156444,,400.0
2019-02-04,-10.18869950586698,0.0,9.273867414384583,98.91963990175594,5.512152982647701,,400.0
2019-02-05,-10.000959064123922,0.48892793371746757,4.019920846232519,80.76908177579766,4.034723986616945,,400.0
2019-02-06,-8.404865645304007,0.9484712030057636,7.184079159488426,90.33491603118851,3.4961457029689065,,400.0
2019-02-07,-15.595061730226627,3.025558381703905,4.527861262638176,88.20622778877271,7.504441968192492,,400.0
2019-02-08,-17.48333353265953,0.0,10.901799927699757,73.41109024589925,5.191180482481253,,400.0
2019-02-09,-12.22400559844654,0.6539062414302454,9.00437382877513,71.40319543825537,4.514438561905955,,400.0
2019-02-10,-4.8244812156114625,3.1474076255451067,4.564080439157558,70.01959058925563,3.7762191020286795,,400.0
2019-02-11,-3.867753732087298,5.877996839743963,6.71170285798751,79.05357439654065,4.503161505055318,,400.0
2019-02-12,-10.638392659265982,0.011490648696629172,6.837980224024235,87.87135990650278,7.101728706873279,,400.0
2019-02-13,-9.580958975283382,0.0,10.47464053330368,74.3497176850873,3.6155692814076588,,400.0
2019-02-14,-8.648328061115322,0.0,9.5892451123882,77.39904954685647,4.916340670592359,,400.0
2019-02-15,-15.33309036504737,0.0,11.362483743541851,79.37268721211116,4.281479843872016,,400.0
2019-02-16,-11.430230613054647,7.311430403615534,10.73581427015779,76.46251394777826,3.61300714743591,,400.0
2019-02-17,-8.582374830108517,4.01171869019089,7.276254864797375,87.82309882363627,4.575300806219274,,400.0
2019-02-18,-16.23953032994206,0.0,10.37788614275282,89.78149421960958,3.0645316235132967,,400.0
2019-02-19,-13.666291322549048,9.810082390471486,9.182717420432583,76.09791464820533,3.1340773705736984,,400.0
2019-02-20,-7.949857499152918,1.7873923292926825,6.305378277767703,83.00107005217062,5.839966190399133,,400.0
2019-02-21,-10.453692179845852,0.0,11.812265499812353,80.17780824738021,2.375759840791633,,400.0
2019-02-22,-7.076950601410912,2.167345497547198,11.071686936044962,79.38345177174519,3.5348196734746353,,400.0
2019-02-23,-4.340748827684829,15.641404429834154,8.165903136793535,88.02519291847672,4.437372968410006,,400.0
2019-02-24,-14.37574395311553,0.0,12.760185111648603,91.64049131465612,9.386011158019427,,400.0
2019-02-25,-15.77432983852855,0.0,8.902719971144325,72.02966203394645,3.3049412016715274,,400.0
2019-02-26,-12.725692877913323,0.0,8.256243168814619,75.77253480115186,4.700695874159705,,400.0
2019-02-27,-14.429492967566143,0.0,11.572336678614004,86.78042619117272,4.151258523250799,,400.0
2019-02-28,-10.312369367171385,0.0,7.474848781747935,72.19443597702708,1.6248546454258412,,400.0
2019-03-01,-8.745969077691917,0.0,12.398344180313462,74.95970791326015,2.021811980936615,,400.0
2019-03-02,-14.528462064022749,0.0,12.238551013608475,86.05228380380075,4.700835324107796,,400.0
2019-03-03,-20.249255335607067,0.0,15.371970432042426,87.75738838049415,5.71634067059236,,400.0
2019-03-04,-18.158864613962525,0.0,14.935842371629604,79.13492367364945,5.965187995949221,,400.0
2019-03-05,-13.10282185002993,0.0,13.607767457368109,75.3978066910577,5.58363517264929,,400.0
2019-03-06,-10.286530648286012,0.0,15.86234574771545,71.2192972205736,3.6907991584501376,,400.0
2019-03-07,-8.340787157736418,0.0,10.044567558687662,75.04371645427759,3.5952720026421345,,400.0
2019-03-08,-2.3118587093466534,0.0,9.611545956059455,80.09999378767449,3.588961715992598,,400.0
2019-03-09,-2.222981651982121,15.578064439851318,8.387771929530306,89.01442092348793,6.22923695351961,,400.0
2019-03-10,-3.7296505361976804,0.0,17.035907148765375,77.33903235880973,6.371359855582157,,400.0
2019-03-11,-1.742310661753525,0.0,16.535712375308496,63.1656156307406,1.3369477538267283,,400.0
2019-03-12,1.047532737874738,7.961691690361106,9.66676389414735,73.318709386416,4.717147558316537,,400.0
2019-03-13,4.564783355904327,6.908076040534918,8.226591499922193,83.90790054415749,5.914206738297445,,400.0
2019-03-14,2.023941250735614,0.3833776683008847,5.334245993583968,87.72182796072961,6.478489922443983,,400.0
2019-03-15,-0.0043627155663554405,0.0,18.03261569563402,66.42235633357102,7.322828853522752,,400.0
2019-03-16,0.6817465111305794,0.0,10.670443051978234,63.7215611495445,1.5122966085689071,,400.0
2019-03-17,0.5838582260859532,0.0,17.558737193958933,64.52913931651575,3.0112911721072355,,400.0
2019-03-18,1.8426162267854753,0.0,18.462568546812648,58.13664427121713,2.3210948848882595,,400.0
2019-03-19,3.7375335408429873,0.0,15.072296899718072,64.84465287016438,2.8065289957549124,,400.0
2019-03-20,4.418487371093627,0.0,16.146303814118006,67.43895576407469,5.049996071745761,,400.0
2019-03-21,5.198108617196689,0.0,19.020114549139677,63.131109944194726,4.161744581583483,,400.0
2019-03-22,4.44172598312284,0.0,19.534073445146085,61.226922640680804,3.4548310098130663,,400.0
2019-03-23,5.144144720996535,1.40215250132761,15.647803747631572,67.6133746888855,3.5482548713670394,,400.0
2019-03-24,4.281309942669038,2.82829525410094,6.012268037114328,87.90457025620084,3.9037113370562633,,400.0
2019-03-25,2.8220671569544984,0.0,12.335073759490388,77.07629799270104,2.9302497396065474,,400.0
2019-03-26,5.411621861970201,0.0,11.557862871382753,69.3876989998654,3.7109709639474056,,400.0
2019-03-27,11.216817523024384,0.0,17.731915972373333,67.19002706141642,6.775297084300787,,400.0
2019-03-28,6.575971804870362,0.0,11.216172642245017,74.44913174883858,4.4583575503784205,,400.0
2019-03-29,4.62431566836889,0.16218015437714023,12.117481417389872,52.50484132174797,4.395941224603123,,400.0
2019-03-30,-0.7618986776340715,0.0,18.95807680275398,54.54494342877833,7.241441129268144,,400.0
2019-03-31,0.33959446295410445,0.0,19.05885271760148,47.26255633774036,4.18400644045273,,400.0
2019-04-01,6.7024253920482595,3.5486138229452755,18.973725454515936,53.30033094073604,7.161568437220257,,400.0
2019-04-02,4.762241414904411,0.0,17.981407247771617,65.84700006120073,4.580334283269057,,400.0
2019-04-03,5.629676974876193,12.812617011861487,14.615727315412128,65.60732927697792,3.796079976217517,,400.0
2019-04-04,7.602596738386411,1.274617923903857,5.952127654774199,73.4066174462921,4.886617786680247,,400.0
2019-04-05,11.661360632504046,0.08583130003584974,19.607634876568472,68.28089269203552,2.4281769791793963,,400.0
2019-04-06,15.81878612211856,1.065527834109595,18.370424589050934,68.03870313385524,5.740879406404121,,400.0
2019-04-07,13.208726463632354,5.185826150299997,15.711026265482806,71.29964795596061,3.964062279149412,,400.0
2019-04-08,14.745292106335222,0.0,20.400889857689855,59.033247354373884,4.693601696307219,,400.0
2019-04-09,10.460931542284687,20.641914114769733,14.208216448076303,55.814529357327025,2.461333870025323,,400.0
2019-04-10,2.6585782210803757,6.126422612681172,11.482025696783243,87.87134513774244,9.919935271859877,,400.0
2019-04-11,4.997100102654517,0.15057005873731105,12.223652264955891,78.8258613078838,10.184103354809228,,400.0
2019-04-12,0.6461831271437544,0.0,6.76112094942546,65.52855261354739,8.498312117979212,,400.0
2019-04-13,2.7845986031918204,0.0,14.279997209837243,56.881932835628454,4.765876404920214,,400.0
2019-04-14,3.5084869921174087,0.0,18.965195216199636,53.241449328119316,3.7756394780708207,,400.0
2019-04-15,9.509650348856209,0.0,20.190471688818626,63.36966549679637,5.667781345770928,,400.0
2019-04-16,13.839902648532837,0.0,20.161999152923467,64.90143038051701,3.220657468921718,,400.0
2019-04-17,13.762600002265698,3.496394013023631,17.307013273126913,71.53196382934051,6.1753417247158895,,400.0
2019-04-18,7.0094798038185235,0.0,16.659306769118974,74.81997223684748,7.277662265409045,,400.0
2019-04-19,9.12362285713168,0.0,22.677539518308528,52.60155151984413,3.4035939770664245,,400.0
2019-04-20,13.697777940202487,0.0,22.338852751004282,52.808941871324194,3.886230504382702,,400.0
2019-04-21,20.81718700740364,0.0,21.459765175381182,51.33489876326034,6.345318437759764,,400.0
2019-04-22,11.918168533973184,12.735253005780253,13.392839086854169,78.90390502269263,4.847043341889964,,400.0
2019-04-23,11.341309724265427,0.0,22.79149282202551,63.84019931830994,4.952454108121486,,400.0
2019-04-24,12.972948407890472,0.0,22.734748570965923,60.23565474223464,3.3537577860070082,,400.0
2019-04-25,11.724148266816288,2.331192731592763,11.251302385561107,69.92880401737953,4.023786006168049,,400.0
2019-04-26,11.011726894972995,4.465962125611105,22.112090568703827,37.97009295242031,4.536167970267483,,400.0
2019-04-27,1.8598565356145533,16.719559319196332,7.1258530647366545,86.1413630364732,5.87164670981459,,400.0
2019-04-28,5.178235818780408,1.6691715126941624,11.405181532157858,64.41658030043624,5.987603664398406,,400.0
2019-04-29,12.600479761678036,0.0,16.244689987876338,56.9281628676754,3.0438513070828175,,400.0
2019-04-30,7.833724679765109,7.334461333630394,5.63283422299694,81.12260663613685,5.262056329410386,,400.0
2019-05-01,8.014818149082092,0.0,19.15619434408774,84.05823970709376,2.389192417344949,,400.0
2019-05-02,7.78078324474234,0.0,21.498437675866917,73.7141760804519,3.3163267055545793,,400.0
2019-05-03,9.367652037339335,0.0,13.639548645843213,63.29210803048432,2.091784450767671,,400.0
2019-05-04,13.973800864297809,0.0,24.688388099352885,64.72811969423724,3.1012692613729587,,400.0
2019-05-05,16.484717901116497,22.140430513762233,18.26907475024739,68.6303826346419,4.257372360169387,,400.0
2019-05-06,12.497907678813597,0.3387155836720489,19.04198066488926,70.0873428831805,4.81889332200726,,400.0
2019-05-07,11.377860420373025,7.633158099678487,11.66235107342707,62.20786657865803,6.6250086273110025,,400.0
2019-05-08,9.726751359812539,18.784867168995227,10.890075892125843,78.23496659908025,7.418815059107038,,400.0
2019-05-09,5.396466728143866,0.0,15.351313767209934,83.0460537527836,6.408591592471049,,400.0
2019-05-10,10.305556656493374,0.0,21.947968131349057,56.602841591257736,2.662483708219267,,400.0
2019-05-11,8.99038296557164,0.8073793040482828,8.899512031280375,72.25866740598177,3.7858367970752513,,400.0
2019-05-12,7.840241272340297,0.21969738024841942,13.857979960655232,74.2098728302956,2.819851783334643,,400.0
2019-05-13,11.700067310181984,2.219189261922899,24.718113569404263,62.2563501342667,1.7885841494843182,,400.0
2019-05-14,12.495672119432271,7.215554525062287,15.164703702717908,74.25698933467103,4.515842990292862,,400.0
2019-05-15,16.91681277221576,0.0,25.36010691504508,68.36521301170556,2.788178595668225,,400.0
2019-05-16,22.927282628972417,11.83601180382489,24.60330926843663,65.83273588088296,4.006468423334829,,400.0
2019-05-17,14.213637946613662,3.868547044629378,18.437965186690278,96.52523659705048,4.816308106620863,,400.0
2019-05-18,18.104303635907407,22.983195714931192,22.256765858932336,74.72056851894257,5.96592747097679,,400.0
2019-05-19,8.021721130707967,0.9209856389054524,18.330689450609704,83.80086033245114,6.006734079674989,,400.0
2019-05-20,9.3953536352038,0.2481625545232973,23.635195066985148,66.02681498917153,4.49486224761963,,400.0
2019-05-21,10.928806424949533,20.32638661724559,8.08597699512975,70.93265141507601,9.169723782514616,,400.0
2019-05-22,14.715078978789261,0.0,25.677486745930434,71.39784787340483,8.685220276478862,,400.0
2019-05-23,15.472286041553765,32.19332354771616,25.4341095870988,59.159172728735676,3.8431295984759153,,400.0
2019-05-24,18.912727039531838,6.944801267895427,22.258868975719675,73.16170703341236,5.760048364792587,,400.0
2019-05-25,18.618252873981927,0.0,26.192183774811994,72.1840334489988,3.7181758180201356,,400.0
2019-05-26,19.36208036239063,3.7088185031168983,26.508270480362622,60.81856121531488,2.6730437311837476,,400.0
2019-05-27,17.92182434828858,6.0114536530804905,17.84539031581636,75.10201666841849,4.978288568962957,,400.0
2019-05-28,13.245746387244543,9.938383611742193,13.920030010129283,89.09800907623176,3.885775163524506,,400.0
2019-05-29,16.82522102795141,1.3794161318026132,22.12663157525408,79.25056258843462,2.1138266379573243,,400.0
2019-05-30,18.260482955255778,0.6577581457900079,23.03458204512539,74.69704801479597,2.626290351356289,,400.0
2019-05-31,22.84842055621536,0.0,25.804394346198986,58.936440785272296,3.2074809491793106,,400.0
2019-06-01,17.382969692243687,0.0,23.913920874168138,71.56179683029349,4.498247251735272,,400.0
2019-06-02,18.12660199126152,0.0,27.08230230150824,50.72359201616119,2.6686111277757325,,400.0
2019-06-03,18.311741884218513,4.613682700952182,21.425520405530982,65.88902719802375,4.677911309040577,,400.0
2019-06-04,22.8044220781023,4.014943596759976,25.275689686154518,74.8757109117306,4.815136715972177,,400.0
2019-06-05,23.372944115538484,0.0,26.382964360285882,70.64278734641852,2.0378362117993527,,400.0
2019-06-06,23.58288039070792,0.0,26.581255617800416,65.12478326048765,1.9801005199988997,,400.0
2019-06-07,23.143885053031827,0.0,26.807961445010445,66.07586825087857,4.169117938501625,,400.0
2019-06-08,22.793968178138716,0.0,27.30811184074842,65.10070197008545,4.419469658121982,,400.0
2019-06-09,17.55056594651073,0.0,20.124958294978544,73.61103607968117,4.745749896794075,,400.0
2019-06-10,18.977342895421952,0.0,27.60283536278948,46.70027615375477,4.438304011589554,,400.0
2019-06-11,17.954808434365773,5.254923159240158,19.45552564907202,55.922390830040236,4.22791914092049,,400.0
2019-06-12,14.593429503726345,0.0,24.62392942166311,72.03510405228295,5.230905553118431,,400.0
2019-06-13,17.204628324290255,0.0,27.722053619491916,51.415092952046706,3.2448437872087874,,400.0
2019-06-14,19.382715462899828,2.1949352788244516,19.049215372977784,67.10236471049534,6.112551979039486,,400.0
2019-06-15,21.488921143822616,46.17661986114121,20.149050670662362,73.97775544069688,2.4680451869748974,,400.0
2019-06-16,19.15256919159623,0.0,25.83863100965312,78.85164277150172,2.3311083364183722,,400.0
2019-06-17,19.677192308916467,11.051622604356071,21.97348356009398,78.91163313835942,1.8774649811223514,,400.0
2019-06-18,18.45521387448087,7.664798066065549,12.221976322296717,72.2604560514029,2.8200754312962375,,400.0
2019-06-19,18.29655158840157,0.0,18.896219762717454,76.42279028877408,3.297018243947538,,400.0
2019-06-20,19.70146255306277,0.8605926642189186,21.9660598819079,70.17719952981487,2.424675727491285,,400.0
2019-06-21,16.972312778723083,14.102472736629817,18.141874184953657,89.75675564010255,7.1643962789766125,,400.0
2019-06-22,19.217977226126692,8.176034105466767,23.568034653507137,83.20097758128605,4.843090104717068,,400.0
2019-06-23,20.304075742819673,1.1571565643836286,17.47997251776357,81.31452767020389,1.967368026222115,,400.0
2019-06-24,19.510954263744345,0.15518086368699766,22.354614480579578,70.59800517542072,4.559330754505578,,400.0
2019-06-25,21.615375278505727,0.213295943228651,26.228566546319232,62.53600927429603,4.060343458221381,,400.0
2019-06-26,22.83821546197465,0.0,26.112483873704626,70.85605167063535,2.8074809491793107,,400.0
2019-06-27,24.082239894471787,0.42950100057068835,21.535773312853895,80.52172057900282,4.382217502886272,,400.0
2019-06-28,24.001756725536502,4.798750027040063,23.887130525591296,82.66357123719273,4.011012115372122,,400.0
2019-06-29,27.60989753160838,0.0,25.377889265354213,75.17760326114666,2.4247546961567483,,400.0
2019-06-30,27.51749429013271,0.0,26.076523393504118,74.7840636356497,4.324630866451234,,400.0
2019-07-01,26.440476608267552,0.0,26.395227571303444,74.27050904397683,4.173161921228471,,400.0
2019-07-02,25.182995638517138,5.029024869726299,24.83722264119309,77.88568993293003,3.477374350903386,,400.0
2019-07-03,24.46885448526442,5.863668543856327,21.467140906028433,80.01630746613954,3.356593409041589,,400.0
2019-07-04,24.363299186115704,12.424225802127886,20.429531832291172,79.13405649703905,2.586468540540707,,400.0
2019-07-05,24.570826142391372,1.0731102707490658,26.367776812662008,79.94314499313487,2.0480985445910953,,400.0
2019-07-06,20.819246885716904,0.0,25.80827303770711,82.13538477916873,4.532979158354407,,400.0
2019-07-07,21.783231920045644,0.0,27.839250032906474,74.50437806261503,3.387923699187826,,400.0
2019-07-08,22.578384620465087,0.0,27.73940378307103,74.94374252673938,3.4528997231569525,,400.0
2019-07-09,24.57434898798307,6.892649632606655,20.67265547414106,78.52235804016563,4.967560288479673,,400.0
2019-07-10,21.91912672003851,0.0,26.525747744611078,78.89446259600803,5.352676434953465,,400.0
2019-07-11,21.178113383832887,0.0,27.87494360580755,77.36506414110649,3.4209195293949706,,400.0
2019-07-12,23.816765294228386,0.0,27.351731050702284,76.40548713133687,3.1913618473501097,,400.0
2019-07-13,24.658401028131284,0.00861798652247188,24.25118197997347,80.00872637035405,2.733846963552223,,400.0
2019-07-14,26.83632512246725,0.0,26.737267775345632,73.65003869359857,3.4578286610888416,,400.0
2019-07-15,25.277066455101483,5.99951434715443,23.889382517094443,80.76881162325378,5.303002820689007,,400.0
2019-07-16,24.856960881526533,0.2331441121025073,23.993092850628702,77.13183853199178,2.2580844645913496,,400.0
2019-07-17,22.586158026029068,14.864253278162757,17.931553155948887,91.27383008582785,4.036499619068656,,400.0
2019-07-18,27.294167067203684,16.273224920918928,22.875069660234967,82.0331235812493,5.198476790739855,,400.0
2019-07-19,29.063189437824168,0.0,26.599076473982265,81.25383743248838,4.953577098264131,,400.0
2019-07-20,23.916263376628546,1.2987553605000783,23.032043879901497,85.00903205377493,3.7484459350818007,,400.0
2019-07-21,20.633181300506212,0.0,25.6641899042837,83.4149806346516,3.737836211799353,,400.0
2019-07-22,18.535202004069532,0.0,27.47445091128922,76.17843653725505,4.663695237696343,,400.0
2019-07-23,19.552624180030435,0.0,27.326158856307195,73.17121640119535,2.7145790019519853,,400.0
2019-07-24,20.674432106086915,0.0,26.978148237602085,73.81127532973584,1.9139222591749316,,400.0
2019-07-25,21.0021431951408,2.282243263711574,21.0466396012807,81.59788156022265,4.215389434288241,,400.0
2019-07-26,24.65068042955211,0.0,25.23228442883134,75.4363600306249,5.4731269470780495,,400.0
2019-07-27,24.927701825195363,0.0,24.46560186983405,75.93434470712091,4.972019440950437,,400.0
2019-07-28,23.32228318933907,14.03185497538979,22.672996074602075,80.79628622875921,4.95386615740509,,400.0
2019-07-29,19.415300045158947,0.0,25.738862941842303,78.31040664319423,4.356532267106895,,400.0
2019-07-30,18.217980133077617,0.0,26.781644048736734,70.46487042168289,2.7902345526045482,,400.0
2019-07-31,19.033446352860068,0.0,19.249098847565328,76.35136851659944,2.684036402924555,,400.0
2019-08-01,20.612832176735267,0.0,23.692015959279882,75.25609168536836,2.8303232457288883,,400.0
2019-08-02,21.44547528522445,0.0,20.271153889326172,73.82192361639787,2.6189931865228178,,400.0
2019-08-03,21.888173988646905,0.0,23.459847936624836,75.80358418995546,2.618166591093098,,400.0
2019-08-04,23.45529044435248,0.6659684115480284,23.49720306191657,73.9847633229909,2.048209338712812,,400.0
2019-08-05,23.079303887018323,9.699965910985838,21.109220675143117,78.84202673285064,3.695316962607845,,400.0
2019-08-06,21.97654660467893,0.0,23.362704244509864,75.85017699632809,2.9698955517468617,,400.0
2019-08-07,23.650352859726535,0.0,23.18699757859219,73.50595832611378,2.273817258535342,,400.0
2019-08-08,18.723762106178604,0.0,22.971866956868592,77.01373144009442,2.822576477428065,,400.0
2019-08-09,20.219520356679165,0.0,23.398133394917583,68.20879574418683,1.5994875726611684,,400.0
2019-08-10,23.281867224695418,1.1730105596197775,18.64373858285505,73.90408669654337,4.234096440499066,,400.0
2019-08-11,22.685867599574195,0.909717397052171,20.515582913546194,87.75089381128828,2.116108567820275,,400.0
2019-08-12,20.97777837338892,8.251799741546993,12.45468066934896,88.32028798438901,2.5011159533487106,,400.0
2019-08-13,21.614115468209278,0.0,21.80583363347578,75.72789793998422,4.090129525660814,,400.0
2019-08-14,17.918364395244456,0.2275555871727393,21.41369664444873,79.32754182315743,4.77900399398632,,400.0
2019-08-15,19.242536528118656,0.0,22.074386872086993,77.63673827418407,2.4116387396866963,,400.0
2019-08-16,19.620361341498295,0.0,21.16055581041827,76.99721641686834,3.160651732446024,,400.0
2019-08-17,21.15255729844156,14.272828960087223,21.429059885774105,77.23718511782307,3.70660813471508,,400.0
2019-08-18,19.956866235218488,0.0,20.889178863190054,83.06733694413344,3.48418618845507,,400.0
2019-08-19,20.729093497140763,57.74080130936287,21.64711652871493,80.6672788988105,2.7376619982829813,,400.0
2019-08-20,24.105730121879223,0.5898342644792521,20.019590430640502,83.75759206496569,2.005168292116313,,400.0
2019-08-21,17.11908692708328,0.026917069304609513,13.214941134093099,82.2557643961415,3.3704305914143817,,400.0
2019-08-22,18.22975694294665,0.0,21.622108596123685,74.89950506425748,1.5371116500278348,,400.0
2019-08-23,18.826000639097767,0.0,21.57320134722024,73.81532856771777,3.9374730007114978,,400.0
2019-08-24,18.26733705797479,0.0489801166637387,20.13686746575788,67.99364998100408,4.701823837780829,,400.0
2019-08-25,18.138848264806562,0.0,18.05972887856594,83.31329340140147,5.508097543949418,,400.0
2019-08-26,17.70641566480372,0.4063997836630741,13.530285893569397,82.0716591618885,3.1198391703013852,,400.0
2019-08-27,17.53548111054553,0.13858543619887842,21.258224627528055,64.74089553094382,6.045609157148422,,400.0
2019-08-28,17.92786448178514,0.03195299231656787,21.093816093073503,57.880003565682124,4.546853095632026,,400.0
2019-08-29,18.87703186513197,0.012522605741221144,19.909660135690622,72.48434471585158,4.761811810735405,,400.0
2019-08-30,17.02829202317568,0.0,20.56613476089292,61.00256785971437,2.3489363849049054,,400.0
2019-08-31,14.797492873303305,0.6409300384896998,6.321423906596877,72.63129065099152,2.992304159279419,,400.0
2019-09-01,18.513213550620687,0.010862772508961659,16.0536209617084,73.83538197440605,1.808457076885932,,400.0
2019-09-02,23.038418751817517,0.2759445554368671,19.519599022864043,71.58281641450115,3.567582268814239,,400.0
2019-09-03,18.522576206338034,0.6003993662477538,17.656718793739337,74.45898977254072,5.95630932132831,,400.0
2019-09-04,16.443475251114602,0.0,21.240195661764222,62.21756335483222,2.6082817213926432,,400.0
2019-09-05,20.772353068300763,0.0,20.229614473774493,69.05098995498771,5.038063603452232,,400.0
2019-09-06,19.21876589823754,0.0,20.783183053242055,70.08357683350789,4.702346267539825,,400.0
2019-09-07,19.08319281282526,6.242048779573272,13.46409010241683,59.317631990936775,3.2111149037535505,,400.0
2019-09-08,16.943590990790597,1.4351755670556248,12.382739986683537,75.16769165833061,4.479299123490411,,400.0
2019-09-09,20.28459893259786,21.479218889791948,12.096420994983774,82.67324060201884,6.277250877963307,,400.0
2019-09-10,23.865310175973434,0.5254241509484926,18.03564531579877,79.00555153883268,4.670154026671785,,400.0
2019-09-11,23.372759487223522,16.115981425907002,13.53154696624298,80.17758220973666,3.6213818127230595,,400.0
2019-09-12,20.410906534733357,2.1509717394254895,12.742813531235859,78.93508517430922,6.119816722256404,,400.0
2019-09-13,15.859646565672595,0.0,19.429445800884917,67.73526590076222,5.80475525641011,,400.0
2019-09-14,17.206810319851904,10.118300936417121,14.892889596381794,80.59802926664469,4.897285684381944,,400.0
2019-09-15,22.456843134216747,0.0,18.677008280102196,73.97627792681564,2.316076638471853,,400.0
2019-09-16,24.16774958855405,0.0,18.236664273436382,68.42929447178564,3.819438758056168,,400.0
2019-09-17,24.76959815786217,0.0,18.019540849669955,67.55727110160616,5.222856824082662,,400.0
2019-09-18,23.28370591179905,38.07949528287493,11.771900127758714,76.27403135180107,5.033636541580258,,400.0
2019-09-19,22.43124120661218,5.755561306675154,15.668481397103783,83.13522518587831,3.2001326219974415,,400.0
2019-09-20,24.312724479822112,0.026129893770583765,16.85606545167291,68.96157654618169,4.082674198933643,,400.0
2019-09-21,21.040799631653353,17.90804576006089,15.916667148104265,85.8173745638395,7.367451599778372,,400.0
2019-09-22,14.803049256336806,14.864797400100457,8.499689106067635,86.1347289469268,2.8790285603839187,,400.0
2019-09-23,17.599186708459342,0.0,17.647708759187008,67.29083945527309,3.903498237805971,,400.0
2019-09-24,21.975856389680548,10.126455689716037,16.361502159719098,65.96685959859323,6.935434780823796,,400.0
2019-09-25,13.400811503885919,0.0,10.50922010434107,76.80212456586601,5.0110938111467185,,400.0
2019-09-26,14.856123971206618,0.0,17.36568773738231,56.50442682056175,4.345229475219372,,400.0
2019-09-27,15.288254591909496,1.361524046491996,12.416857066666072,77.74225935479643,3.896501968849454,,400.0
2019-09-28,15.267672038845307,3.3395207006645315,15.44227469419414,69.88185815181933,5.482881392803349,,400.0
2019-09-29,16.449263467452187,4.04524887721589,11.35804006292232,84.77178233828243,5.403410530226394,,400.0
2019-09-30,24.46365904515332,0.8844801192229126,15.81030475467369,74.60533265896561,6.686239425860369,,400.0
2019-10-01,15.242038974796957,35.96868391454028,10.922882420977654,91.91148477727572,2.4852558976143637,,400.0
2019-10-02,11.055529135924106,12.917405368810014,5.336745403216796,92.56954438077483,3.0371269012554896,,400.0
2019-10-03,7.921899862968445,0.0,16.163693783291478,81.40267993500392,4.977245503724182,,400.0
2019-10-04,9.98372293781162,9.597971456910962,16.153922274958223,65.71647730345153,3.4792250592225926,,400.0
2019-10-05,11.084527597309737,18.561295885354003,10.573974921507155,79.32587466104893,6.431890493342376,,400.0
2019-10-06,11.695265386833178,0.0,13.053773325085057,56.42085912569864,5.412680878072351,,400.0
2019-10-07,12.506237987995414,0.0,15.616042736304037,52.88368761628378,3.7701688780657276,,400.0
2019-10-08,13.280353630027104,0.0,15.287283303920871,58.73905216799127,5.487639696234942,,400.0
2019-10-09,14.107470154011885,11.289818068452925,14.617606128066015,61.866591166303714,6.249359229994163,,400.0
2019-10-10,8.99887658739413,18.53320757067576,8.482229356331144,85.7540177374256,6.299072795460463,,400.0
2019-10-11,0.6420863235290747,0.0,9.428853360410445,76.80297580773514,8.327586040080543,,400.0
2019-10-12,3.26078732383251,0.02702465816956944,13.504514081883162,56.645965096594395,7.125421852578753,,400.0
2019-10-13,2.7479395335085117,0.0,11.935946806075462,67.28711512112073,4.795505244782514,,400.0
2019-10-14,6.367134424239203,0.0,14.304685030115383,66.20403502730434,3.629658465145383,,400.0
2019-10-15,8.909257765822959,0.0,12.632638581306814,61.94373547123985,6.611665553980281,,400.0
2019-10-16,4.523583069245853,0.0,12.512423766865622,75.62028808871013,3.357319955668497,,400.0
2019-10-17,7.7544863498736865,0.0,13.772947273950145,67.82128791587547,3.8004085596532335,,400.0
2019-10-18,13.838507186395587,3.168156435532416,13.485700465336496,61.99611822333995,7.513238156721684,,400.0
2019-10-19,9.904614388483253,2.5905479627820305,8.28006248979535,70.531778856952,2.5585568615682557,,400.0
2019-10-20,9.621866318514035,22.10859187580765,12.769692634779211,69.2731582138392,5.039294019078544,,400.0
2019-10-21,8.643255635783406,12.853011728725651,10.581617359696233,81.24575485528628,8.400319547785717,,400.0
2019-10-22,5.295927253384715,0.022008744331143533,12.835967275407167,66.44393157920746,8.89580327744481,,400.0
2019-10-23,5.681299089454286,6.021386654241098,6.52833949994378,74.02301575915823,3.3228302512946692,,400.0
2019-10-24,2.020980584951294,0.0,12.625968842291982,70.75333614545528,3.262501257750648,,400.0
2019-10-25,3.7364246521696627,0.0,12.65211580236844,63.6380086357824,2.7813224419004,,400.0
2019-10-26,4.353758368410489,0.0,12.264103085173916,72.22912466385996,3.418781876058773,,400.0
2019-10-27,3.70962558010262,0.0,11.938065811565997,81.20403830615496,3.3988500353235533,,400.0
2019-10-28,-0.7769573675343862,1.6836492705150734,7.934096235118362,70.40772786672635,3.8288187655303885,,400.0
2019-10-29,0.4271039124906724,0.0,8.673010860326233,60.43928048089656,2.1297316626706837,,400.0
2019-10-30,-1.8698390948778107,0.24609427473125212,3.4740603525556972,54.97580897704738,3.8210193939105297,,400.0
2019-10-31,-0.4461680782827627,0.0,11.588679775921022,46.025830863538964,4.626111312243445,,400.0
2019-11-01,2.182049847667792,0.533647260137283,6.966840158359742,62.676255980728314,4.648732802049314,,400.0
2019-11-02,2.9995746084197625,0.0,6.119780788030343,60.84095931327208,5.054147060853703,,400.0
2019-11-03,3.7054723338917746,1.922577722632422,8.495403729329801,70.06852945990859,3.6688079050153455,,400.0
2019-11-04,1.3360332094540825,0.0,9.192549413239789,75.10031464138892,4.780118165898339,,400.0
2019-11-05,-1.4757803002621623,0.0,8.506048778237902,70.40197777960208,3.3204776942680083,,400.0
2019-11-06,-5.859648291176511,1.7663930044786549,5.885178146995838,79.94781949337367,5.316979121160485,,400.0
2019-11-07,-9.113664911840859,0.0,9.874029095151522,64.17492649900862,3.990232517510019,,400.0
2019-11-08,-2.6574803016797732,0.0,7.650549673736685,64.2993304530054,4.935739922951696,,400.0
2019-11-09,5.032612527909319,0.0,8.176664813346454,54.56832276459167,3.135423851217638,,400.0
2019-11-10,-3.4513827809802735,3.361911111333531,5.601917658765642,81.03567267452169,4.9865319041941545,,400.0
2019-11-11,-13.118892157127783,0.0,6.841968987808338,79.88925249530918,7.289714345786473,,400.0
2019-11-12,-12.740674014701568,0.0,9.223475140810656,72.91785195783572,5.104992940801626,,400.0
2019-11-13,-5.643820498616284,0.8623551244810815,7.025903135305277,76.24399367002249,4.9299917503454,,400.0
2019-11-14,-5.277866196328528,0.0,9.025403885478053,78.97678604702082,3.1985026448328484,,400.0
2019-11-15,0.6942046308766875,0.0,7.607998142758329,67.36422287351495,2.807286220564729,,400.0
2019-11-16,2.879648906894558,0.39166539213030066,6.257607152838102,62.94168290679126,5.045299627133776,,400.0
2019-11-17,2.684313800877268,2.665455574523202,5.617069517230747,71.775508644203,2.934393033636088,,400.0
2019-11-18,3.4819825520486236,3.970130870077302,4.105511661822006,71.3138065093436,2.6609085857552572,,400.0
2019-11-19,4.1758115517960706,0.0,8.031293310765937,73.6410805282083,2.796566771264132,,400.0
2019-11-20,7.586296550474823,13.019191590697316,7.869017082174683,72.61945650321913,6.167072622103128,,400.0
2019-11-21,-0.15379474084324765,0.0,3.8447784402488274,80.00596712305307,7.173834537232032,,400.0
2019-11-22,-4.312801585947811,0.0,8.332519878722444,66.87673364561584,2.4983965991988013,,400.0
2019-11-23,0.7046435327709606,0.0,7.965264653120532,60.69861446814776,3.739912715917789,,400.0
2019-11-24,4.310009193009616,0.0,6.070577081675917,62.66943037659576,3.34024494412333,,400.0
2019-11-25,4.68055189835652,0.0,4.732225102987289,64.03505837063506,3.461875291647938,,400.0
2019-11-26,1.452099973171722,9.495228126355649,4.481011777313086,77.3358948236346,6.014184343167321,,400.0
2019-11-27,-1.1988074766450048,0.0,4.68149321892008,78.83959605019935,8.001829268731505,,400.0
2019-11-28,-2.0887123681525046,0.9799985357729842,5.321278619340692,76.68119168318908,2.4837883559488474,,400.0
2019-11-29,0.20015995874161896,4.016378889741768,4.045704314690756,82.01052109436688,4.4676832033190665,,400.0
2019-11-30,2.3606025287145553,9.683003788004731,5.123829175186283,88.86496817525013,6.675754318544884,,400.0
2019-12-01,-4.118868274876009,0.9127421807267188,3.3090155959144814,86.84968140183929,7.327813609237757,,400.0
2019-12-02,-4.614427162300221,0.0,8.382069024514374,79.97820146635944,3.8595740078039213,,400.0
2019-12-03,1.6184931746868318,0.0,7.633255872198851,65.47645421918683,4.732693796122417,,400.0
2019-12-04,2.1662622489394985,0.0,8.150538615550092,64.7675531995563,4.0457793840440415,,400.0
2019-12-05,3.573729158949629,0.0,7.831182229498969,68.34156327431671,3.278330755720112,,400.0
2019-12-06,-3.501471568994513,0.0,8.287819521013757,67.33854461798387,3.6532868788279256,,400.0
2019-12-07,1.5832128366639606,0.0,7.741652013587617,57.49335889793313,5.928977926410953,,400.0
2019-12-08,3.4718672299362203,0.0,7.589993891920572,68.18198575622007,3.5706658173500236,,400.0
2019-12-09,-6.501697333168321,1.2180493497385105,4.6533987432507375,74.67814706983897,6.512326756235534,,400.0
2019-12-10,-11.62127082105481,1.9298760775810824,7.740928430341198,76.00341682355632,3.9518090470790628,,400.0
2019-12-11,-8.522399260727607,0.0,8.066585932404955,71.27882155614664,4.0912581898773634,,400.0
2019-12-12,-3.5168876816177788,0.0,4.886914116496846,73.83185801487691,4.259574007803922,,400.0
2019-12-13,-5.5063228671671185,0.0,5.486848922883363,84.68828350842615,2.0423179259463797,,400.0
2019-12-14,-11.327754817729591,0.0,6.963608546658711,81.6818963137678,5.483612733145279,,400.0
2019-12-15,-11.821742423177259,0.019586987264738134,5.81993263474235,78.15209504164501,1.6689510059916897,,400.0
2019-12-16,-8.551029210894324,0.0,6.181694505920698,81.39114345367433,2.091344524403049,,400.0
2019-12-17,-7.443754238451231,0.0,7.385605801636874,75.59891852434146,3.5417984539382434,,400.0
2019-12-18,-9.397549357435066,0.0,6.8139184439324545,76.0467843132118,3.6340362045537367,,400.0
2019-12-19,-0.5474780959675438,0.0,7.5896242999516685,62.96288681129133,3.2746401882380147,,400.0
2019-12-20,0.33345530036946386,0.0,7.041865973942865,67.89031914990139,3.62895138752783,,400.0
2019-12-21,1.5379121238482614,0.0,7.540612973416087,67.25294402146844,3.7005236114475215,,400.0
2019-12-22,4.889930756299878,0.0,7.527114020229226,59.26573223368442,4.783608214137713,,400.0
2019-12-23,3.3100691624419016,0.0,7.575495476100256,62.652321989322296,2.5851374842030967,,400.0
2019-12-24,4.137405533445749,0.0,7.34904174728731,66.5257853125085,3.5198187940396117,,400.0
2019-12-25,6.628113031544566,0.0,6.589537902166528,69.61226036845976,3.2164637799111824,,400.0
2019-12-26,-0.9982506114089126,0.0,7.463631451478459,76.1273979599341,3.2544819125178455,,400.0
2019-12-27,-0.1749171792864154,0.9152916362805974,7.455808245895701,62.745159431902835,2.218782227825262,,400.0
2019-12-28,4.311004699252268,23.328421585561948,4.103147701323701,70.6166403014159,5.581018292420815,,400.0
2019-12-29,1.9736179873284154,0.8673638906220937,5.797492916813186,81.57957049623874,6.072961318875364,,400.0
2019-12-30,-4.089530133255673,1.2080576370228797,2.07708247882608,75.36034346261646,7.726000275492585,,400.0
2019-12-31,-6.449704827389249,0.0,4.2757760416015795,84.61574960208286,5.12845948598447,,400.0
