hru_id,calendar_id,planting_date,harvest_date,group_hru_count,calendar_spatial_weight
19,corn-2019-05-15-to-2019-08-27-01,2019-05-15,2019-08-27,2,5016.304982796718
26,corn-2019-05-15-to-2019-08-27-01,2019-05-15,2019-08-27,2,5016.304982796718
15,corn-2019-05-15-to-2019-08-28-02,2019-05-15,2019-08-28,7,6995.05267900265
18,corn-2019-05-15-to-2019-08-28-02,2019-05-15,2019-08-28,7,6995.05267900265
20,corn-2019-05-15-to-2019-08-28-02,2019-05-15,2019-08-28,7,6995.05267900265
21,corn-2019-05-15-to-2019-08-28-02,2019-05-15,2019-08-28,7,6995.05267900265
22,corn-2019-05-15-to-2019-08-28-02,2019-05-15,2019-08-28,7,6995.05267900265
23,corn-2019-05-15-to-2019-08-28-02,2019-05-15,2019-08-28,7,6995.05267900265
24,corn-2019-05-15-to-2019-08-28-02,2019-05-15,2019-08-28,7,6995.05267900265
7,corn-2019-05-15-to-2019-08-29-03,2019-05-15,2019-08-29,6,6016.566254573367
11,corn-2019-05-15-to-2019-08-29-03,2019-05-15,2019-08-29,6,6016.566254573367
13,corn-2019-05-15-to-2019-08-29-03,2019-05-15,2019-08-29,6,6016.566254573367
17,corn-2019-05-15-to-2019-08-29-03,2019-05-15,2019-08-29,6,6016.566254573367
27,corn-2019-05-15-to-2019-08-29-03,2019-05-15,2019-08-29,6,6016.566254573367
32,corn-2019-05-15-to-2019-08-29-03,2019-05-15,2019-08-29,6,6016.566254573367
2,corn-2019-05-15-to-2019-08-30-04,2019-05-15,2019-08-30,11,10081.79930351075
9,corn-2019-05-15-to-2019-08-30-04,2019-05-15,2019-08-30,11,10081.79930351075
10,corn-2019-05-15-to-2019-08-30-04,2019-05-15,2019-08-30,11,10081.79930351075
12,corn-2019-05-15-to-2019-08-30-04,2019-05-15,2019-08-30,11,10081.79930351075
14,corn-2019-05-15-to-2019-08-30-04,2019-05-15,2019-08-30,11,10081.79930351075
16,corn-2019-05-15-to-2019-08-30-04,2019-05-15,2019-08-30,11,10081.79930351075
29,corn-2019-05-15-to-2019-08-30-04,2019-05-15,2019-08-30,11,10081.79930351075
30,corn-2019-05-15-to-2019-08-30-04,2019-05-15,2019-08-30,11,10081.79930351075
33,corn-2019-05-15-to-2019-08-30-04,2019-05-15,2019-08-30,11,10081.79930351075
34,corn-2019-05-15-to-2019-08-30-04,2019-05-15,2019-08-30,11,10081.79930351075
36,corn-2019-05-15-to-2019-08-30-04,2019-05-15,2019-08-30,11,10081.79930351075
5,corn-2019-05-16-to-2019-08-31-05,2019-05-16,2019-08-31,2,1262.467333223739
6,corn-2019-05-16-to-2019-08-31-05,2019-05-16,2019-08-31,2,1262.467333223739
1,corn-2019-05-16-to-2019-09-01-06,2019-05-16,2019-09-01,3,1276.9172960936412
31,corn-2019-05-16-to-2019-09-01-06,2019-05-16,2019-09-01,3,1276.9172960936412
35,corn-2019-05-16-to-2019-09-01-06,2019-05-16,2019-09-01,3,1276.9172960936412
8,corn-2019-05-16-to-2019-09-03-07,2019-05-16,2019-09-03,1,1163.1627320635478
