date,hru_id,crop,operation
2019-05-15,2,corn,PLANT
2019-05-15,7,corn,PLANT
2019-05-15,9,corn,PLANT
2019-05-15,10,corn,PLANT
2019-05-15,11,corn,PLANT
2019-05-15,12,corn,PLANT
2019-05-15,13,corn,PLANT
2019-05-15,14,corn,PLANT
2019-05-15,15,corn,PLANT
2019-05-15,16,corn,PLANT
2019-05-15,17,corn,PLANT
2019-05-15,18,corn,PLANT
2019-05-15,19,corn,PLANT
2019-05-15,20,corn,PLANT
2019-05-15,21,corn,PLANT
2019-05-15,22,corn,PLANT
2019-05-15,23,corn,PLANT
2019-05-15,24,corn,PLANT
2019-05-15,25,agrl,PLANT
2019-05-15,26,corn,PLANT
2019-05-15,27,corn,PLANT
2019-05-15,29,corn,PLANT
2019-05-15,30,corn,PLANT
2019-05-15,32,corn,PLANT
2019-05-15,33,corn,PLANT
2019-05-15,34,corn,PLANT
2019-05-15,36,corn,PLANT
2019-05-16,1,corn,PLANT
2019-05-16,3,agrl,PLANT
2019-05-16,4,agrl,PLANT
2019-05-16,5,corn,PLANT
2019-05-16,6,corn,PLANT
2019-05-16,8,corn,PLANT
2019-05-16,31,corn,PLANT
2019-05-16,35,corn,PLANT
2019-06-14,28,agrl,PLANT
2019-08-19,25,agrl,HARV/KILL
2019-08-24,4,agrl,HARV/KILL
2019-08-26,3,agrl,HARV/KILL
2019-08-27,19,corn,HARV/KILL
2019-08-27,26,corn,HARV/KILL
2019-08-28,15,corn,HARV/KILL
2019-08-28,18,corn,HARV/KILL
2019-08-28,20,corn,HARV/KILL
2019-08-28,21,corn,HARV/KILL
2019-08-28,22,corn,HARV/KILL
2019-08-28,23,corn,HARV/KILL
2019-08-28,24,corn,HARV/KILL
2019-08-29,7,corn,HARV/KILL
2019-08-29,11,corn,HARV/KILL
2019-08-29,13,corn,HARV/KILL
2019-08-29,17,corn,HARV/KILL
2019-08-29,27,corn,HARV/KILL
2019-08-29,32,corn,HARV/KILL
2019-08-30,2,corn,HARV/KILL
2019-08-30,9,corn,HARV/KILL
2019-08-30,10,corn,HARV/KILL
2019-08-30,12,corn,HARV/KILL
2019-08-30,14,corn,HARV/KILL
2019-08-30,16,corn,HARV/KILL
2019-08-30,29,corn,HARV/KILL
2019-08-30,30,corn,HARV/KILL
2019-08-30,33,corn,HARV/KILL
2019-08-30,34,corn,HARV/KILL
2019-08-30,36,corn,HARV/KILL
2019-08-31,5,corn,HARV/KILL
2019-08-31,6,corn,HARV/KILL
2019-09-01,1,corn,HARV/KILL
2019-09-01,31,corn,HARV/KILL
2019-09-01,35,corn,HARV/KILL
2019-09-03,8,corn,HARV/KILL
2019-09-16,28,agrl,HARV/KILL
