variant,contrast,role,reduction_m3s,reduction_percent,ci95_low_m3s,ci95_high_m3s
PRIMARY,D_vs_A,PRIMARY,-0.82179604396033,-22.239260400514542,-3.2861170724144353,1.871063641377638
PRIMARY,B_vs_A,SECONDARY_EXPLORATORY_UNADJUSTED,0.11575861437250845,3.1326336839329354,0.011273555631279701,0.22634307862963876
PRIMARY,C_vs_A,SECONDARY_EXPLORATORY_UNADJUSTED,0.945896035460621,25.597626563213957,-0.39726200272442524,2.1989592892461722
PRIMARY,D_vs_B,SECONDARY_EXPLORATORY_UNADJUSTED,-0.9375546583328385,-26.192406224467703,-3.4086189623339047,1.7436657951763765
PRIMARY,D_vs_C,SECONDARY_EXPLORATORY_UNADJUSTED,-1.767692079420951,-64.29484000852717,-3.393079075214894,0.04298329066545545
EXCLUDE_ESTIMATED,D_vs_A,PRIMARY,-0.965246310025571,-21.845501506262323,-4.481810050917054,2.8570581667387223
EXCLUDE_ESTIMATED,B_vs_A,SECONDARY_EXPLORATORY_UNADJUSTED,0.16768257570974487,3.795000221388192,0.02644966371389457,0.31681341917366707
EXCLUDE_ESTIMATED,C_vs_A,SECONDARY_EXPLORATORY_UNADJUSTED,1.6365677634292113,37.03888134018981,-0.33325398304366116,3.195643040695996
EXCLUDE_ESTIMATED,D_vs_B,SECONDARY_EXPLORATORY_UNADJUSTED,-1.132928885735316,-26.651943024431965,-4.569591915079662,2.6657300605311374
EXCLUDE_ESTIMATED,D_vs_C,SECONDARY_EXPLORATORY_UNADJUSTED,-2.6018140734547823,-93.5249946313925,-4.569638859690665,0.11282226738278318
