partition,variant,series,n_pairs,rmse,mae,nse,kge,pbias
TRAIN,DEVELOPMENT,A,60,5.746605707788718,3.249553509093307,0.13416980076085627,0.35965981582299944,-48.088025887320136
TRAIN,DEVELOPMENT,AFFINE_A,60,4.962313014160488,3.187198988210316,0.3543781195745389,0.42766305516006675,-1.0420790819266734e-14
TRAIN,DEVELOPMENT,AFFINE_B,60,4.896760293042799,3.13870843749343,0.371322931375042,0.44755546860335205,-1.556686035964537e-14
TRAIN,DEVELOPMENT,B,60,5.643901620166663,3.186287724456056,0.16484170406280296,0.381086387831964,-46.44704159086463
TRAIN,DEVELOPMENT,C,60,3.8036673160429726,2.4313108492310254,0.62067193180779,0.6659759347814161,0.9088337391114658
TRAIN,DEVELOPMENT,CLIMATOLOGY,60,5.235062541572649,3.900175656318855,0.2814554850084897,0.33606036761313296,-3.537922809010311e-15
TRAIN,DEVELOPMENT,D,60,3.5330066185494307,2.3553118339888006,0.6727355497665104,0.7053388151319966,0.812203739064925
VALIDATION,DEVELOPMENT,A,36,4.007008956283825,2.978739135092353,0.6987393028585733,0.6236272340702649,-29.336180873291017
VALIDATION,DEVELOPMENT,AFFINE_A,36,3.8469127386795914,3.069909371090938,0.7223315597716365,0.8079061660865721,15.739732004552847
VALIDATION,DEVELOPMENT,AFFINE_B,36,3.847487381115234,3.027264705306533,0.7222485987080614,0.8124211209879145,15.500869562717511
VALIDATION,DEVELOPMENT,B,36,3.9214031046410365,2.912079891764092,0.7114740848947692,0.6342407793182108,-28.02678388554235
VALIDATION,DEVELOPMENT,C,36,2.9781533183728772,2.3228576722345498,0.8335836646147535,0.8028669454206978,7.8672776852918345
VALIDATION,DEVELOPMENT,CLIMATOLOGY,36,7.1466301932340786,4.600224343492633,0.04169341999099818,0.21230492233440634,-27.25585274005831
VALIDATION,DEVELOPMENT,D,36,2.98993107919491,2.294893478530939,0.832264802062376,0.8533235197671301,7.254230352756321
TEST,PRIMARY,A,60,3.6952489838255427,2.1538862461467208,0.26804626797662,0.4338467496183104,-32.08703019087715
TEST,PRIMARY,B,60,3.5794903694530342,2.0872535707454816,0.31318683127555236,0.47873751057433056,-28.62635929300992
TEST,PRIMARY,C,60,2.7493529483649217,1.9974624908127752,0.5948114083591927,0.42375530661576033,44.61569154793228
TEST,PRIMARY,D,60,4.517045027785873,2.588070250637355,-0.09371723690341005,0.21903964854398017,65.50142814186842
TEST,PRIMARY,AFFINE_A,60,3.9462267540097358,3.1158652679214565,0.1652425759258157,0.16512444043658558,50.02259804308701
TEST,PRIMARY,AFFINE_B,60,3.878842290244484,3.085770394157178,0.19350726236561888,0.18909523838203146,50.82153594659072
TEST,PRIMARY,CLIMATOLOGY,60,4.493897125446064,3.7565300328325253,-0.08253630351533081,-0.1621789592518934,90.52193304324439
TEST,EXCLUDE_ESTIMATED,A,36,4.418512936170724,2.618147050206281,0.22656532925183992,0.3930351274164746,-49.72475618231819
TEST,EXCLUDE_ESTIMATED,B,36,4.250830360460979,2.4923790229666114,0.28415512150985,0.4330140680744927,-46.26976913084404
TEST,EXCLUDE_ESTIMATED,C,36,2.7819451727415125,2.078707233159527,0.6934025716799068,0.5292229199322351,30.654295906936063
TEST,EXCLUDE_ESTIMATED,D,36,5.383759246196295,3.08031810179246,-0.14826634451756204,0.2657944025176099,56.51960174264233
TEST,EXCLUDE_ESTIMATED,AFFINE_A,36,3.830058639131684,2.8954732933453275,0.4188580571332866,0.4560824040981242,9.524193860162113
TEST,EXCLUDE_ESTIMATED,AFFINE_B,36,3.752376669749926,2.880314773892197,0.44219265471180835,0.49379516575372073,11.344400099401566
TEST,EXCLUDE_ESTIMATED,CLIMATOLOGY,36,5.119475012763813,4.172549986520369,-0.038298507866710185,0.051456339906691406,61.34147740450367
