station_id,month,partition,series,observed_streamflow_m3s,physical_streamflow_m3s,predicted_streamflow_m3s,predicted_residual_m3s
05451210,2013-01,TRAIN,A,0.1176519303564387,0.926673870967742,0.926673870967742,
05451210,2013-01,TRAIN,AFFINE_A,0.1176519303564387,0.926673870967742,3.0612192654144534,
05451210,2013-01,TRAIN,AFFINE_B,0.1176519303564387,0.9266751612903226,2.9632959556846696,
05451210,2013-01,TRAIN,B,0.1176519303564387,0.9266751612903226,0.9266751612903226,
05451210,2013-01,TRAIN,C,0.1176519303564387,0.926673870967742,0.0378023123000637,-0.8888715586676783
05451210,2013-01,TRAIN,CLIMATOLOGY,0.1176519303564387,,2.4945588988222758,
05451210,2013-01,TRAIN,D,0.1176519303564387,0.9266751612903226,0.428814157589992,-0.4978610037003306
05451210,2013-02,TRAIN,A,0.2517064267243886,0.697515,0.697515,
05451210,2013-02,TRAIN,AFFINE_A,0.2517064267243886,0.697515,2.761749622186353,
05451210,2013-02,TRAIN,AFFINE_B,0.2517064267243886,0.697515,2.6665317420402888,
05451210,2013-02,TRAIN,B,0.2517064267243886,0.697515,0.697515,
05451210,2013-02,TRAIN,C,0.2517064267243886,0.697515,0.5054633578276769,-0.19205164217232307
05451210,2013-02,TRAIN,CLIMATOLOGY,0.2517064267243886,,3.7210516679583727,
05451210,2013-02,TRAIN,D,0.2517064267243886,0.697515,0.6882701114245221,-0.009244888575477894
05451210,2013-03,TRAIN,A,8.334095540891088,2.3572390322580645,2.3572390322580645,
05451210,2013-03,TRAIN,AFFINE_A,8.334095540891088,2.3572390322580645,4.930711974367751,
05451210,2013-03,TRAIN,AFFINE_B,8.334095540891088,2.35723935483871,4.815887852878992,
05451210,2013-03,TRAIN,B,8.334095540891088,2.35723935483871,2.35723935483871,
05451210,2013-03,TRAIN,C,8.334095540891088,2.3572390322580645,4.69626662191056,2.339027589652495
05451210,2013-03,TRAIN,CLIMATOLOGY,8.334095540891088,,6.5353655999273625,
05451210,2013-03,TRAIN,D,8.334095540891088,2.35723935483871,4.779138472924673,2.4218991180859635
05451210,2013-04,TRAIN,A,5.329136139125761,6.567449999999999,6.567449999999999,
05451210,2013-04,TRAIN,AFFINE_A,5.329136139125761,6.567449999999999,10.432704417864286,
05451210,2013-04,TRAIN,AFFINE_B,5.329136139125761,6.56723,10.26785889455871,
05451210,2013-04,TRAIN,B,5.329136139125761,6.56723,6.56723,
05451210,2013-04,TRAIN,C,5.329136139125761,6.567449999999999,11.972828616392011,5.405378616392012
05451210,2013-04,TRAIN,CLIMATOLOGY,5.329136139125761,,5.75558784880128,
05451210,2013-04,TRAIN,D,5.329136139125761,6.56723,11.021366198510112,4.454136198510111
05451210,2013-05,TRAIN,A,28.61463020454813,2.478458064516129,2.478458064516129,
05451210,2013-05,TRAIN,AFFINE_A,28.61463020454813,2.478458064516129,5.089123561008394,
05451210,2013-05,TRAIN,AFFINE_B,28.61463020454813,2.496083870967742,4.995692594749746,
05451210,2013-05,TRAIN,B,28.61463020454813,2.496083870967742,2.496083870967742,
05451210,2013-05,TRAIN,C,28.61463020454813,2.478458064516129,13.257476114851421,10.779018050335292
05451210,2013-05,TRAIN,CLIMATOLOGY,28.61463020454813,,12.686129962548852,
05451210,2013-05,TRAIN,D,28.61463020454813,2.496083870967742,14.335382098096076,11.839298227128335
05451210,2013-06,TRAIN,A,11.4418938129408,3.3353333333333333,3.3353333333333333,
05451210,2013-06,TRAIN,AFFINE_A,11.4418938129408,3.3353333333333333,6.208906225148823,
05451210,2013-06,TRAIN,AFFINE_B,11.4418938129408,3.5309666666666666,6.335873965501207,
05451210,2013-06,TRAIN,B,11.4418938129408,3.5309666666666666,3.5309666666666666,
05451210,2013-06,TRAIN,C,11.4418938129408,3.3353333333333333,8.991073037175914,5.655739703842581
05451210,2013-06,TRAIN,CLIMATOLOGY,11.4418938129408,,12.012044080121857,
05451210,2013-06,TRAIN,D,11.4418938129408,3.5309666666666666,10.296341571204103,6.765374904537436
05451210,2013-07,TRAIN,A,1.995424238071742,1.7863225806451613,1.7863225806451613,
05451210,2013-07,TRAIN,AFFINE_A,1.995424238071742,1.7863225806451613,4.1846263205348855,
05451210,2013-07,TRAIN,AFFINE_B,1.995424238071742,1.8437419354838709,4.15090465071499,
05451210,2013-07,TRAIN,B,1.995424238071742,1.8437419354838709,1.8437419354838709,
05451210,2013-07,TRAIN,C,1.995424238071742,1.7863225806451613,5.066897494014693,3.280574913369532
05451210,2013-07,TRAIN,CLIMATOLOGY,1.995424238071742,,6.860952702042178,
05451210,2013-07,TRAIN,D,1.995424238071742,1.8437419354838709,5.116454308639179,3.272712373155308
05451210,2013-08,TRAIN,A,0.393494554029089,0.7803354838709677,0.7803354838709677,
05451210,2013-08,TRAIN,AFFINE_A,0.393494554029089,0.7803354838709677,2.869981176356947,
05451210,2013-08,TRAIN,AFFINE_B,0.393494554029089,0.8475677419354839,2.8608512246018836,
05451210,2013-08,TRAIN,B,0.393494554029089,0.8475677419354839,0.8475677419354839,
05451210,2013-08,TRAIN,C,0.393494554029089,0.7803354838709677,0.0,-0.9606636985964423
05451210,2013-08,TRAIN,CLIMATOLOGY,0.393494554029089,,3.5273555298891908,
05451210,2013-08,TRAIN,D,0.393494554029089,0.8475677419354839,0.8327781797862284,-0.01478956214925553
05451210,2013-09,TRAIN,A,0.036188929944576,0.3768066666666667,0.3768066666666667,
05451210,2013-09,TRAIN,AFFINE_A,0.036188929944576,0.3768066666666667,2.3426412116848376,
05451210,2013-09,TRAIN,AFFINE_B,0.036188929944576,0.42178,2.309452745462147,
05451210,2013-09,TRAIN,B,0.036188929944576,0.42178,0.42178,
05451210,2013-09,TRAIN,C,0.036188929944576,0.3768066666666667,0.0,-1.182795840443323
05451210,2013-09,TRAIN,CLIMATOLOGY,0.036188929944576,,4.749966012410265,
05451210,2013-09,TRAIN,D,0.036188929944576,0.42178,0.0,-1.9185253627137895
05451210,2013-10,TRAIN,A,0.0837539246458219,0.3082161290322581,0.3082161290322581,
05451210,2013-10,TRAIN,AFFINE_A,0.0837539246458219,0.3082161290322581,2.2530056512221077,
05451210,2013-10,TRAIN,AFFINE_B,0.0837539246458219,0.3437612903225807,2.208417901985859,
05451210,2013-10,TRAIN,B,0.0837539246458219,0.3437612903225807,0.3437612903225807,
05451210,2013-10,TRAIN,C,0.0837539246458219,0.3082161290322581,0.2492973755585744,-0.058918753473683694
05451210,2013-10,TRAIN,CLIMATOLOGY,0.0837539246458219,,3.116722036995072,
05451210,2013-10,TRAIN,D,0.0837539246458219,0.3437612903225807,0.0186663156674996,-0.3250949746550811
05451210,2013-11,TRAIN,A,0.172949860035072,0.3866833333333333,0.3866833333333333,
05451210,2013-11,TRAIN,AFFINE_A,0.172949860035072,0.3866833333333333,2.3555482478840424,
05451210,2013-11,TRAIN,AFFINE_B,0.172949860035072,0.4189633333333333,2.305805139945878,
05451210,2013-11,TRAIN,B,0.172949860035072,0.4189633333333333,0.4189633333333333,
05451210,2013-11,TRAIN,C,0.172949860035072,0.3866833333333333,0.5594756058183437,0.1727922724850104
05451210,2013-11,TRAIN,CLIMATOLOGY,0.172949860035072,,2.3116608738561024,
05451210,2013-11,TRAIN,D,0.172949860035072,0.4189633333333333,0.8333600432762995,0.4143967099429662
05451210,2013-12,TRAIN,A,0.1070559490510451,0.2289774193548387,0.2289774193548387,
05451210,2013-12,TRAIN,AFFINE_A,0.1070559490510451,0.2289774193548387,2.149454835071106,
05451210,2013-12,TRAIN,AFFINE_B,0.1070559490510451,0.2594645161290322,2.0992529155176687,
05451210,2013-12,TRAIN,B,0.1070559490510451,0.2594645161290322,0.2594645161290322,
05451210,2013-12,TRAIN,C,0.1070559490510451,0.2289774193548387,0.0,-1.6894573563547697
05451210,2013-12,TRAIN,CLIMATOLOGY,0.1070559490510451,,5.266025500127727,
05451210,2013-12,TRAIN,D,0.1070559490510451,0.2594645161290322,0.0,-1.1864585289184286
05451210,2014-01,TRAIN,A,0.098149844074529,0.9341193548387096,0.9341193548387096,
05451210,2014-01,TRAIN,AFFINE_A,0.098149844074529,0.9341193548387096,3.0709491806871343,
05451210,2014-01,TRAIN,AFFINE_B,0.098149844074529,0.9630967741935484,3.010462231236346,
05451210,2014-01,TRAIN,B,0.098149844074529,0.9630967741935484,0.9630967741935484,
05451210,2014-01,TRAIN,C,0.098149844074529,0.9341193548387096,0.9369201095216467,0.0028007546829371677
05451210,2014-01,TRAIN,CLIMATOLOGY,0.098149844074529,,2.4945588988222758,
05451210,2014-01,TRAIN,D,0.098149844074529,0.9630967741935484,1.269319432218067,0.3062226580245184
05451210,2014-02,TRAIN,A,0.0646129760272457,2.511239285714286,2.511239285714286,
05451210,2014-02,TRAIN,AFFINE_A,0.0646129760272457,2.511239285714286,5.131962751895206,
05451210,2014-02,TRAIN,AFFINE_B,0.0646129760272457,2.5387392857142856,5.05093169278344,
05451210,2014-02,TRAIN,B,0.0646129760272457,2.5387392857142856,2.5387392857142856,
05451210,2014-02,TRAIN,C,0.0646129760272457,2.511239285714286,2.5305959047542683,0.019356619039982537
05451210,2014-02,TRAIN,CLIMATOLOGY,0.0646129760272457,,3.7210516679583727,
05451210,2014-02,TRAIN,D,0.0646129760272457,2.5387392857142856,2.7951840755245887,0.25644478981030305
05451210,2014-03,TRAIN,A,3.0840882414677884,3.722035483870968,3.722035483870968,
05451210,2014-03,TRAIN,AFFINE_A,3.0840882414677884,3.722035483870968,6.714256747116382,
05451210,2014-03,TRAIN,AFFINE_B,3.0840882414677884,3.7488,6.617969847735739,
05451210,2014-03,TRAIN,B,3.0840882414677884,3.7488,3.7488,
05451210,2014-03,TRAIN,C,3.0840882414677884,3.722035483870968,5.7192268803987005,1.9971913965277324
05451210,2014-03,TRAIN,CLIMATOLOGY,3.0840882414677884,,6.5353655999273625,
05451210,2014-03,TRAIN,D,3.0840882414677884,3.7488,5.361895078236817,1.6130950782368165
05451210,2014-04,TRAIN,A,2.91229328249856,0.91963,0.91963,
05451210,2014-04,TRAIN,AFFINE_A,2.91229328249856,0.91963,3.0520141863496706,
05451210,2014-04,TRAIN,AFFINE_B,2.91229328249856,0.94482,2.986793664715166,
05451210,2014-04,TRAIN,B,2.91229328249856,0.94482,0.94482,
05451210,2014-04,TRAIN,C,2.91229328249856,0.91963,7.1472794727572895,6.22764947275729
05451210,2014-04,TRAIN,CLIMATOLOGY,2.91229328249856,,5.75558784880128,
05451210,2014-04,TRAIN,D,2.91229328249856,0.94482,6.061584765432087,5.116764765432087
05451210,2014-05,TRAIN,A,7.120316747891613,1.8014225806451611,1.8014225806451611,
05451210,2014-05,TRAIN,AFFINE_A,7.120316747891613,1.8014225806451611,4.204359318841465,
05451210,2014-05,TRAIN,AFFINE_B,7.120316747891613,1.8234193548387096,4.1245867487270225,
05451210,2014-05,TRAIN,B,7.120316747891613,1.8234193548387096,1.8234193548387096,
05451210,2014-05,TRAIN,C,7.120316747891613,1.8014225806451611,5.300108186817908,3.4986856061727467
05451210,2014-05,TRAIN,CLIMATOLOGY,7.120316747891613,,12.686129962548852,
05451210,2014-05,TRAIN,D,7.120316747891613,1.8234193548387096,6.602294831807895,4.778875476969185
05451210,2014-06,TRAIN,A,25.419561238195204,6.010266666666666,6.010266666666666,
05451210,2014-06,TRAIN,AFFINE_A,25.419561238195204,6.010266666666666,9.704565492492005,
05451210,2014-06,TRAIN,AFFINE_B,25.419561238195204,6.079946666666667,9.636823140244173,
05451210,2014-06,TRAIN,B,25.419561238195204,6.079946666666667,6.079946666666667,
05451210,2014-06,TRAIN,C,25.419561238195204,6.010266666666666,17.595880148782882,11.585613482116214
05451210,2014-06,TRAIN,CLIMATOLOGY,25.419561238195204,,12.012044080121857,
05451210,2014-06,TRAIN,D,25.419561238195204,6.079946666666667,18.683344781454824,12.603398114788156
05451210,2014-07,TRAIN,A,22.32637202312919,5.319677419354838,5.319677419354838,
05451210,2014-07,TRAIN,AFFINE_A,22.32637202312919,5.319677419354838,8.802088906548502,
05451210,2014-07,TRAIN,AFFINE_B,22.32637202312919,6.259225806451613,9.868991038196196,
05451210,2014-07,TRAIN,B,22.32637202312919,6.259225806451613,6.259225806451613,
05451210,2014-07,TRAIN,C,22.32637202312919,5.319677419354838,8.358932920584028,3.039255501229189
05451210,2014-07,TRAIN,CLIMATOLOGY,22.32637202312919,,6.860952702042178,
05451210,2014-07,TRAIN,D,22.32637202312919,6.259225806451613,8.921574083347462,2.662348276895848
05451210,2014-08,TRAIN,A,0.7434542400396388,1.239090322580645,1.239090322580645,
05451210,2014-08,TRAIN,AFFINE_A,0.7434542400396388,1.239090322580645,3.4694916700916236,
05451210,2014-08,TRAIN,AFFINE_B,0.7434542400396388,1.327741935483871,3.4826805869061848,
05451210,2014-08,TRAIN,B,0.7434542400396388,1.327741935483871,1.327741935483871,
05451210,2014-08,TRAIN,C,0.7434542400396388,1.239090322580645,3.7601993159371325,2.5211089933564876
05451210,2014-08,TRAIN,CLIMATOLOGY,0.7434542400396388,,3.5273555298891908,
05451210,2014-08,TRAIN,D,0.7434542400396388,1.327741935483871,2.4627163841498376,1.1349744486659668
05451210,2014-09,TRAIN,A,1.5410027915366402,0.88714,0.88714,
05451210,2014-09,TRAIN,AFFINE_A,1.5410027915366402,0.88714,3.009555569463525,
05451210,2014-09,TRAIN,AFFINE_B,1.5410027915366402,0.9618133333333332,3.0088001652145024,
05451210,2014-09,TRAIN,B,1.5410027915366402,0.9618133333333332,0.9618133333333332,
05451210,2014-09,TRAIN,C,1.5410027915366402,0.88714,3.0306483581799277,2.1435083581799277
05451210,2014-09,TRAIN,CLIMATOLOGY,1.5410027915366402,,4.749966012410265,
05451210,2014-09,TRAIN,D,1.5410027915366402,0.9618133333333332,4.102073090231775,3.140259756898442
05451210,2014-10,TRAIN,A,4.78947489470431,0.8756387096774193,0.8756387096774193,
05451210,2014-10,TRAIN,AFFINE_A,4.78947489470431,0.8756387096774193,2.9945254408238577,
05451210,2014-10,TRAIN,AFFINE_B,4.78947489470431,0.9422806451612904,2.983505180200098,
05451210,2014-10,TRAIN,B,4.78947489470431,0.9422806451612904,0.9422806451612904,
05451210,2014-10,TRAIN,C,4.78947489470431,0.8756387096774193,2.400162716073645,1.5245240063962258
05451210,2014-10,TRAIN,CLIMATOLOGY,4.78947489470431,,3.116722036995072,
05451210,2014-10,TRAIN,D,4.78947489470431,0.9422806451612904,2.0769359882403746,1.134655343079084
05451210,2014-11,TRAIN,A,2.1950275583232,0.8073999999999999,0.8073999999999999,
05451210,2014-11,TRAIN,AFFINE_A,2.1950275583232,0.8073999999999999,2.905349656551822,
05451210,2014-11,TRAIN,AFFINE_B,2.1950275583232,0.8689300000000001,2.888515517035999,
05451210,2014-11,TRAIN,B,2.1950275583232,0.8689300000000001,0.8689300000000001,
05451210,2014-11,TRAIN,C,2.1950275583232,0.8073999999999999,0.9258923014701996,0.11849230147019973
05451210,2014-11,TRAIN,CLIMATOLOGY,2.1950275583232,,2.3116608738561024,
05451210,2014-11,TRAIN,D,2.1950275583232,0.8689300000000001,1.1859157877474726,0.31698578774747244
05451210,2014-12,TRAIN,A,2.3488367524731872,1.6513290322580645,1.6513290322580645,
05451210,2014-12,TRAIN,AFFINE_A,2.3488367524731872,1.6513290322580645,4.008213905851319,
05451210,2014-12,TRAIN,AFFINE_B,2.3488367524731872,1.698848387096774,3.9632663644302935,
05451210,2014-12,TRAIN,B,2.3488367524731872,1.698848387096774,1.698848387096774,
05451210,2014-12,TRAIN,C,2.3488367524731872,1.6513290322580645,0.8605381376752537,-0.7907908945828108
05451210,2014-12,TRAIN,CLIMATOLOGY,2.3488367524731872,,5.266025500127727,
05451210,2014-12,TRAIN,D,2.3488367524731872,1.698848387096774,1.1740131033422658,-0.5248352837545083
05451210,2015-01,TRAIN,A,1.5135811226756128,1.2294064516129033,1.2294064516129033,
05451210,2015-01,TRAIN,AFFINE_A,1.5135811226756128,1.2294064516129033,3.456836583375889,
05451210,2015-01,TRAIN,AFFINE_B,1.5135811226756128,1.285235483870968,3.4276343973037307,
05451210,2015-01,TRAIN,B,1.5135811226756128,1.285235483870968,1.285235483870968,
05451210,2015-01,TRAIN,C,1.5135811226756128,1.2294064516129033,1.5299141708228594,0.3005077192099561
05451210,2015-01,TRAIN,CLIMATOLOGY,1.5135811226756128,,2.4945588988222758,
05451210,2015-01,TRAIN,D,1.5135811226756128,1.285235483870968,1.6525369347476067,0.36730145087663857
05451210,2015-02,TRAIN,A,0.7391303750081829,0.8809142857142858,0.8809142857142858,
05451210,2015-02,TRAIN,AFFINE_A,0.7391303750081829,0.8809142857142858,3.001419674797482,
05451210,2015-02,TRAIN,AFFINE_B,0.7391303750081829,0.9343571428571428,2.973244182313904,
05451210,2015-02,TRAIN,B,0.7391303750081829,0.9343571428571428,0.9343571428571428,
05451210,2015-02,TRAIN,C,0.7391303750081829,0.8809142857142858,0.7572494695506355,-0.12366481616365022
05451210,2015-02,TRAIN,CLIMATOLOGY,0.7391303750081829,,3.7210516679583727,
05451210,2015-02,TRAIN,D,0.7391303750081829,0.9343571428571428,0.8181156949218437,-0.11624144793529911
05451210,2015-03,TRAIN,A,3.2646583780583227,1.8595451612903224,1.8595451612903224,
05451210,2015-03,TRAIN,AFFINE_A,3.2646583780583227,1.8595451612903224,4.280315132447098,
05451210,2015-03,TRAIN,AFFINE_B,3.2646583780583227,1.911235483870968,4.238309327428367,
05451210,2015-03,TRAIN,B,3.2646583780583227,1.911235483870968,1.911235483870968,
05451210,2015-03,TRAIN,C,3.2646583780583227,1.8595451612903224,2.459186982035721,0.5996418207453984
05451210,2015-03,TRAIN,CLIMATOLOGY,3.2646583780583227,,6.5353655999273625,
05451210,2015-03,TRAIN,D,3.2646583780583227,1.911235483870968,1.7355138394367742,-0.1757216444341938
05451210,2015-04,TRAIN,A,4.33644188709888,0.4699533333333333,0.4699533333333333,
05451210,2015-04,TRAIN,AFFINE_A,4.33644188709888,0.4699533333333333,2.4643672392078138,
05451210,2015-04,TRAIN,AFFINE_B,4.33644188709888,0.5173533333333333,2.4332209648260106,
05451210,2015-04,TRAIN,B,4.33644188709888,0.5173533333333333,0.5173533333333333,
05451210,2015-04,TRAIN,C,4.33644188709888,0.4699533333333333,4.3264314364610525,3.8564781031277193
05451210,2015-04,TRAIN,CLIMATOLOGY,4.33644188709888,,5.75558784880128,
05451210,2015-04,TRAIN,D,4.33644188709888,0.5173533333333333,2.9371386219536078,2.4197852886202744
05451210,2015-05,TRAIN,A,6.379511503178323,0.6502419354838709,0.6502419354838709,
05451210,2015-05,TRAIN,AFFINE_A,6.379511503178323,0.6502419354838709,2.6999721849649196,
05451210,2015-05,TRAIN,AFFINE_B,6.379511503178323,0.6961645161290322,2.6647828547915164,
05451210,2015-05,TRAIN,B,6.379511503178323,0.6961645161290322,0.6961645161290322,
05451210,2015-05,TRAIN,C,6.379511503178323,0.6502419354838709,6.754537257212638,6.104295321728767
05451210,2015-05,TRAIN,CLIMATOLOGY,6.379511503178323,,12.686129962548852,
05451210,2015-05,TRAIN,D,6.379511503178323,0.6961645161290322,8.310750041137123,7.61458552500809
05451210,2015-06,TRAIN,A,8.056142855424001,1.3910266666666666,1.3910266666666666,
05451210,2015-06,TRAIN,AFFINE_A,8.056142855424001,1.3910266666666666,3.668045287347085,
05451210,2015-06,TRAIN,AFFINE_B,8.056142855424001,1.44703,3.6371595699194694,
05451210,2015-06,TRAIN,B,8.056142855424001,1.44703,1.44703,
05451210,2015-06,TRAIN,C,8.056142855424001,1.3910266666666666,7.617325576982941,6.226298910316274
05451210,2015-06,TRAIN,CLIMATOLOGY,8.056142855424001,,12.012044080121857,
05451210,2015-06,TRAIN,D,8.056142855424001,1.44703,8.464770197792747,7.017740197792747
05451210,2015-07,TRAIN,A,3.523529162709058,1.2453677419354838,1.2453677419354838,
05451210,2015-07,TRAIN,AFFINE_A,3.523529162709058,1.2453677419354838,3.4776951340319364,
05451210,2015-07,TRAIN,AFFINE_B,3.523529162709058,1.3328387096774192,3.489280949626977,
05451210,2015-07,TRAIN,B,3.523529162709058,1.3328387096774192,1.3328387096774192,
05451210,2015-07,TRAIN,C,3.523529162709058,1.2453677419354838,5.783534492010302,4.538166750074819
05451210,2015-07,TRAIN,CLIMATOLOGY,3.523529162709058,,6.860952702042178,
05451210,2015-07,TRAIN,D,3.523529162709058,1.3328387096774192,5.447457195037483,4.114618485360063
05451210,2015-08,TRAIN,A,12.996701828396592,3.3041258064516126,3.3041258064516126,
05451210,2015-08,TRAIN,AFFINE_A,12.996701828396592,3.3041258064516126,6.168123571168058,
05451210,2015-08,TRAIN,AFFINE_B,12.996701828396592,3.398516129032258,6.164349476137398,
05451210,2015-08,TRAIN,B,12.996701828396592,3.398516129032258,3.398516129032258,
05451210,2015-08,TRAIN,C,12.996701828396592,3.3041258064516126,11.613053850906123,8.308928044454511
05451210,2015-08,TRAIN,CLIMATOLOGY,12.996701828396592,,3.5273555298891908,
05451210,2015-08,TRAIN,D,12.996701828396592,3.398516129032258,9.98704973031447,6.5885336012822115
05451210,2015-09,TRAIN,A,8.650796633856,5.148210000000001,5.148210000000001,
05451210,2015-09,TRAIN,AFFINE_A,8.650796633856,5.148210000000001,8.578011668418519,
05451210,2015-09,TRAIN,AFFINE_B,8.650796633856,5.239366666666667,8.54826542017362,
05451210,2015-09,TRAIN,B,8.650796633856,5.239366666666667,5.239366666666667,
05451210,2015-09,TRAIN,C,8.650796633856,5.148210000000001,5.875249591262286,0.7270395912622858
05451210,2015-09,TRAIN,CLIMATOLOGY,8.650796633856,,4.749966012410265,
05451210,2015-09,TRAIN,D,8.650796633856,5.239366666666667,7.375913757401895,2.1365470907352275
05451210,2015-10,TRAIN,A,3.0325515806703485,0.9490870967741936,0.9490870967741936,
05451210,2015-10,TRAIN,AFFINE_A,3.0325515806703485,0.9490870967741936,3.0905093413670173,
05451210,2015-10,TRAIN,AFFINE_B,3.0325515806703485,1.035183870967742,3.103815589287955,
05451210,2015-10,TRAIN,B,3.0325515806703485,1.035183870967742,1.035183870967742,
05451210,2015-10,TRAIN,C,3.0325515806703485,0.9490870967741936,1.3044628070539783,0.35537571027978476
05451210,2015-10,TRAIN,CLIMATOLOGY,3.0325515806703485,,3.116722036995072,
05451210,2015-10,TRAIN,D,3.0325515806703485,1.035183870967742,0.9386357393256026,-0.09654813164213927
05451210,2015-11,TRAIN,A,5.37746355730944,0.98135,0.98135,
05451210,2015-11,TRAIN,AFFINE_A,5.37746355730944,0.98135,3.132671183401468,
05451210,2015-11,TRAIN,AFFINE_B,5.37746355730944,1.19861,3.3154537134632993,
05451210,2015-11,TRAIN,B,5.37746355730944,1.19861,1.19861,
05451210,2015-11,TRAIN,C,5.37746355730944,0.98135,3.9497272327438067,2.9683772327438067
05451210,2015-11,TRAIN,CLIMATOLOGY,5.37746355730944,,2.3116608738561024,
05451210,2015-11,TRAIN,D,5.37746355730944,1.19861,4.0658360611654665,2.867226061165466
05451210,2015-12,TRAIN,A,19.404347488834063,8.853383870967741,8.853383870967741,
05451210,2015-12,TRAIN,AFFINE_A,19.404347488834063,8.853383870967741,13.420010987716019,
05451210,2015-12,TRAIN,AFFINE_B,19.404347488834063,9.901890322580645,14.58627027474635,
05451210,2015-12,TRAIN,B,19.404347488834063,9.901890322580645,9.901890322580645,
05451210,2015-12,TRAIN,C,19.404347488834063,8.853383870967741,12.756647586098794,3.903263715131051
05451210,2015-12,TRAIN,CLIMATOLOGY,19.404347488834063,,5.266025500127727,
05451210,2015-12,TRAIN,D,19.404347488834063,9.901890322580645,13.808707872432867,3.9068175498522226
05451210,2016-01,TRAIN,A,4.358693447840206,1.746967741935484,1.746967741935484,
05451210,2016-01,TRAIN,AFFINE_A,4.358693447840206,1.746967741935484,4.133196587712779,
05451210,2016-01,TRAIN,AFFINE_B,4.358693447840206,1.795516129032258,4.0884518515530655,
05451210,2016-01,TRAIN,B,4.358693447840206,1.795516129032258,1.795516129032258,
05451210,2016-01,TRAIN,C,4.358693447840206,1.746967741935484,2.7939529488725166,1.0469852069370327
05451210,2016-01,TRAIN,CLIMATOLOGY,4.358693447840206,,2.4945588988222758,
05451210,2016-01,TRAIN,D,4.358693447840206,1.795516129032258,2.8153089974354133,1.019792868403155
05451210,2016-02,TRAIN,A,9.479406151717075,10.948827586206898,10.948827586206898,
05451210,2016-02,TRAIN,AFFINE_A,9.479406151717075,10.948827586206898,16.158381006547064,
05451210,2016-02,TRAIN,AFFINE_B,9.479406151717075,11.065586206896551,16.093265609736964,
05451210,2016-02,TRAIN,B,9.479406151717075,11.065586206896551,11.065586206896551,
05451210,2016-02,TRAIN,C,9.479406151717075,10.948827586206898,13.129978901616747,2.1811513154098487
05451210,2016-02,TRAIN,CLIMATOLOGY,9.479406151717075,,3.7210516679583727,
05451210,2016-02,TRAIN,D,9.479406151717075,11.065586206896551,13.221774381061632,2.1561881741650812
05451210,2016-03,TRAIN,A,9.39205860190142,5.498516129032258,5.498516129032258,
05451210,2016-03,TRAIN,AFFINE_A,9.39205860190142,5.498516129032258,9.035799102258139,
05451210,2016-03,TRAIN,AFFINE_B,9.39205860190142,5.467354838709677,8.843511898512613,
05451210,2016-03,TRAIN,B,9.39205860190142,5.467354838709677,5.467354838709677,
05451210,2016-03,TRAIN,C,9.39205860190142,5.498516129032258,8.377987445933863,2.8794713169016055
05451210,2016-03,TRAIN,CLIMATOLOGY,9.39205860190142,,6.5353655999273625,
05451210,2016-03,TRAIN,D,9.39205860190142,5.467354838709677,7.4966026580623755,2.029247819352699
05451210,2016-04,TRAIN,A,5.3726496933888,2.445133333333333,2.445133333333333,
05451210,2016-04,TRAIN,AFFINE_A,5.3726496933888,2.445133333333333,5.045574099816516,
05451210,2016-04,TRAIN,AFFINE_B,5.3726496933888,2.576533333333333,5.099875282100848,
05451210,2016-04,TRAIN,B,5.3726496933888,2.576533333333333,2.576533333333333,
05451210,2016-04,TRAIN,C,5.3726496933888,2.445133333333333,7.708230211850783,5.26309687851745
05451210,2016-04,TRAIN,CLIMATOLOGY,5.3726496933888,,5.75558784880128,
05451210,2016-04,TRAIN,D,5.3726496933888,2.576533333333333,6.366070453941706,3.7895371206083728
05451210,2016-05,TRAIN,A,8.088570212005163,3.621774193548387,3.621774193548387,
05451210,2016-05,TRAIN,AFFINE_A,8.088570212005163,3.621774193548387,6.5832331794242585,
05451210,2016-05,TRAIN,AFFINE_B,8.088570212005163,3.629774193548387,6.463830490981442,
05451210,2016-05,TRAIN,B,8.088570212005163,3.629774193548387,3.629774193548387,
05451210,2016-05,TRAIN,C,8.088570212005163,3.621774193548387,8.275004780761966,4.65323058721358
05451210,2016-05,TRAIN,CLIMATOLOGY,8.088570212005163,,12.686129962548852,
05451210,2016-05,TRAIN,D,8.088570212005163,3.629774193548387,9.859289798510476,6.229515604962089
05451210,2016-06,TRAIN,A,10.04983763447808,7.034066666666666,7.034066666666666,
05451210,2016-06,TRAIN,AFFINE_A,10.04983763447808,7.034066666666666,11.042488914099751,
05451210,2016-06,TRAIN,AFFINE_B,10.04983763447808,7.299066666666667,11.215593141543767,
05451210,2016-06,TRAIN,B,10.04983763447808,7.299066666666667,7.299066666666667,
05451210,2016-06,TRAIN,C,10.04983763447808,7.034066666666666,12.416310608826505,5.382243942159839
05451210,2016-06,TRAIN,CLIMATOLOGY,10.04983763447808,,12.012044080121857,
05451210,2016-06,TRAIN,D,10.04983763447808,7.299066666666667,12.975212245416992,5.676145578750326
05451210,2016-07,TRAIN,A,2.016250822016826,1.7018709677419357,1.7018709677419357,
05451210,2016-07,TRAIN,AFFINE_A,2.016250822016826,1.7018709677419357,4.074263172560889,
05451210,2016-07,TRAIN,AFFINE_B,2.016250822016826,1.7294516129032258,4.0028977828683665,
05451210,2016-07,TRAIN,B,2.016250822016826,1.7294516129032258,1.7294516129032258,
05451210,2016-07,TRAIN,C,2.016250822016826,1.7018709677419357,7.014218897856739,5.312347930114803
05451210,2016-07,TRAIN,CLIMATOLOGY,2.016250822016826,,6.860952702042178,
05451210,2016-07,TRAIN,D,2.016250822016826,1.7294516129032258,6.064147782143452,4.334696169240226
05451210,2016-08,TRAIN,A,3.0352005759966967,3.4759032258064515,3.4759032258064515,
05451210,2016-08,TRAIN,AFFINE_A,3.0352005759966967,3.4759032258064515,6.392605923832813,
05451210,2016-08,TRAIN,AFFINE_B,3.0352005759966967,3.5106451612903227,6.309557455994826,
05451210,2016-08,TRAIN,B,3.0352005759966967,3.5106451612903227,3.5106451612903227,
05451210,2016-08,TRAIN,C,3.0352005759966967,3.4759032258064515,8.66932396651098,5.193420740704529
05451210,2016-08,TRAIN,CLIMATOLOGY,3.0352005759966967,,3.5273555298891908,
05451210,2016-08,TRAIN,D,3.0352005759966967,3.5106451612903227,7.933049253336887,4.422404092046564
05451210,2016-09,TRAIN,A,13.31212714085376,11.2142,11.2142,
05451210,2016-09,TRAIN,AFFINE_A,13.31212714085376,11.2142,16.505175270917423,
05451210,2016-09,TRAIN,AFFINE_B,13.31212714085376,12.0152,17.323022950582857,
05451210,2016-09,TRAIN,B,13.31212714085376,12.0152,12.0152,
05451210,2016-09,TRAIN,C,13.31212714085376,11.2142,17.85055837310863,6.63635837310863
05451210,2016-09,TRAIN,CLIMATOLOGY,13.31212714085376,,4.749966012410265,
05451210,2016-09,TRAIN,D,13.31212714085376,12.0152,17.756673446420585,5.741473446420583
05451210,2016-10,TRAIN,A,5.555582612017549,6.873354838709678,6.873354838709678,
05451210,2016-10,TRAIN,AFFINE_A,5.555582612017549,6.873354838709678,10.832467309535335,
05451210,2016-10,TRAIN,AFFINE_B,5.555582612017549,7.092225806451613,10.947732598569715,
05451210,2016-10,TRAIN,B,5.555582612017549,7.092225806451613,7.092225806451613,
05451210,2016-10,TRAIN,C,5.555582612017549,6.873354838709678,7.092326938617081,0.21897209990740363
05451210,2016-10,TRAIN,CLIMATOLOGY,5.555582612017549,,3.116722036995072,
05451210,2016-10,TRAIN,D,5.555582612017549,7.092225806451613,6.810595899562566,-0.28162990688904754
05451210,2016-11,TRAIN,A,3.07011250750464,1.7581,1.7581,
05451210,2016-11,TRAIN,AFFINE_A,3.07011250750464,1.7581,4.147744457218442,
05451210,2016-11,TRAIN,AFFINE_B,3.07011250750464,1.7581666666666669,4.040084003640256,
05451210,2016-11,TRAIN,B,3.07011250750464,1.7581666666666669,1.7581666666666669,
05451210,2016-11,TRAIN,C,3.07011250750464,1.7581,2.909314297273191,1.1512142972731914
05451210,2016-11,TRAIN,CLIMATOLOGY,3.07011250750464,,2.3116608738561024,
05451210,2016-11,TRAIN,D,3.07011250750464,1.7581666666666669,2.6423082740981414,0.8841416074314745
05451210,2016-12,TRAIN,A,4.24295975547871,4.451483870967742,4.451483870967742,
05451210,2016-12,TRAIN,AFFINE_A,4.24295975547871,4.451483870967742,7.667515276077866,
05451210,2016-12,TRAIN,AFFINE_B,4.24295975547871,4.421903225806452,7.489643826245824,
05451210,2016-12,TRAIN,B,4.24295975547871,4.421903225806452,4.421903225806452,
05451210,2016-12,TRAIN,C,4.24295975547871,4.451483870967742,7.165131033951454,2.713647162983712
05451210,2016-12,TRAIN,CLIMATOLOGY,4.24295975547871,,5.266025500127727,
05451210,2016-12,TRAIN,D,4.24295975547871,4.421903225806452,7.183868646953053,2.761965421146601
05451210,2017-01,TRAIN,A,6.384718149164594,5.031548387096774,5.031548387096774,
05451210,2017-01,TRAIN,AFFINE_A,6.384718149164594,5.031548387096774,8.42555581346075,
05451210,2017-01,TRAIN,AFFINE_B,6.384718149164594,5.032387096774193,8.280225247074883,
05451210,2017-01,TRAIN,B,6.384718149164594,5.032387096774193,5.032387096774193,
05451210,2017-01,TRAIN,C,6.384718149164594,5.031548387096774,7.030334645919314,1.9987862588225398
05451210,2017-01,TRAIN,CLIMATOLOGY,6.384718149164594,,2.4945588988222758,
05451210,2017-01,TRAIN,D,6.384718149164594,5.032387096774193,7.0369446968368,2.0045576000626064
05451210,2017-02,TRAIN,A,8.070402410314971,5.059321428571429,5.059321428571429,
05451210,2017-02,TRAIN,AFFINE_A,8.070402410314971,5.059321428571429,8.461850209512933,
05451210,2017-02,TRAIN,AFFINE_B,8.070402410314971,5.081214285714286,8.343456841295637,
05451210,2017-02,TRAIN,B,8.070402410314971,5.081214285714286,5.081214285714286,
05451210,2017-02,TRAIN,C,8.070402410314971,5.059321428571429,6.9216251607211134,1.8623037321496847
05451210,2017-02,TRAIN,CLIMATOLOGY,8.070402410314971,,3.7210516679583727,
05451210,2017-02,TRAIN,D,8.070402410314971,5.081214285714286,6.510431273581457,1.4292169878671706
05451210,2017-03,TRAIN,A,8.601927237318193,4.067064516129032,4.067064516129032,
05451210,2017-03,TRAIN,AFFINE_A,8.601927237318193,4.067064516129032,7.165147959650783,
05451210,2017-03,TRAIN,AFFINE_B,8.601927237318193,4.010064516129032,6.956309453737256,
05451210,2017-03,TRAIN,B,8.601927237318193,4.010064516129032,4.010064516129032,
05451210,2017-03,TRAIN,C,8.601927237318193,4.067064516129032,8.934422596842504,4.867358080713472
05451210,2017-03,TRAIN,CLIMATOLOGY,8.601927237318193,,6.5353655999273625,
05451210,2017-03,TRAIN,D,8.601927237318193,4.010064516129032,7.968138261159688,3.9580737450306565
05451210,2017-04,TRAIN,A,10.8274182418944,9.681866666666668,9.681866666666668,
05451210,2017-04,TRAIN,AFFINE_A,10.8274182418944,9.681866666666668,14.50268976947482,
05451210,2017-04,TRAIN,AFFINE_B,10.8274182418944,9.625533333333331,14.228385797194399,
05451210,2017-04,TRAIN,B,10.8274182418944,9.625533333333331,9.625533333333331,
05451210,2017-04,TRAIN,C,10.8274182418944,9.681866666666668,13.8763331500564,4.194466483389732
05451210,2017-04,TRAIN,CLIMATOLOGY,10.8274182418944,,5.75558784880128,
05451210,2017-04,TRAIN,D,10.8274182418944,9.625533333333331,12.701695096270152,3.0761617629368208
05451210,2017-05,TRAIN,A,13.227621145121033,10.112129032258064,10.112129032258064,
05451210,2017-05,TRAIN,AFFINE_A,13.227621145121033,10.112129032258064,15.06496569871987,
05451210,2017-05,TRAIN,AFFINE_B,13.227621145121033,10.136322580645162,14.88986189523423,
05451210,2017-05,TRAIN,B,13.227621145121033,10.136322580645162,10.136322580645162,
05451210,2017-05,TRAIN,C,13.227621145121033,10.112129032258064,13.703030681443348,3.590901649185284
05451210,2017-05,TRAIN,CLIMATOLOGY,13.227621145121033,,12.686129962548852,
05451210,2017-05,TRAIN,D,13.227621145121033,10.136322580645162,15.548278402202456,5.411955821557293
05451210,2017-06,TRAIN,A,5.0927848595712,2.0704,2.0704,
05451210,2017-06,TRAIN,AFFINE_A,5.0927848595712,2.0704,4.55586468047308,
05451210,2017-06,TRAIN,AFFINE_B,5.0927848595712,2.0859666666666667,4.464587585261431,
05451210,2017-06,TRAIN,B,5.0927848595712,2.0859666666666667,2.0859666666666667,
05451210,2017-06,TRAIN,C,5.0927848595712,2.0704,9.479998981254727,7.409598981254728
05451210,2017-06,TRAIN,CLIMATOLOGY,5.0927848595712,,12.012044080121857,
05451210,2017-06,TRAIN,D,5.0927848595712,2.0859666666666667,9.697403081629112,7.611436414962446
05451210,2017-07,TRAIN,A,4.443187264284078,2.158290322580645,2.158290322580645,
05451210,2017-07,TRAIN,AFFINE_A,4.443187264284078,2.158290322580645,4.670721606741204,
05451210,2017-07,TRAIN,AFFINE_B,4.443187264284078,2.1891290322580645,4.598183661167659,
05451210,2017-07,TRAIN,B,4.443187264284078,2.1891290322580645,2.1891290322580645,
05451210,2017-07,TRAIN,C,4.443187264284078,2.158290322580645,3.968002558104157,1.809712235523512
05451210,2017-07,TRAIN,CLIMATOLOGY,4.443187264284078,,6.860952702042178,
05451210,2017-07,TRAIN,D,4.443187264284078,2.1891290322580645,3.1734929821432756,0.9843639498852108
05451210,2017-08,TRAIN,A,0.467926450983936,1.7396566666666666,1.7396566666666666,
05451210,2017-08,TRAIN,AFFINE_A,0.467926450983936,1.7396566666666666,4.123642320434708,
05451210,2017-08,TRAIN,AFFINE_B,0.467926450983936,1.778673333333333,4.0666402984758605,
05451210,2017-08,TRAIN,B,0.467926450983936,1.778673333333333,1.778673333333333,
05451210,2017-08,TRAIN,C,0.467926450983936,1.7396566666666666,3.7739967434994233,2.034340076832757
05451210,2017-08,TRAIN,CLIMATOLOGY,0.467926450983936,,3.5273555298891908,
05451210,2017-08,TRAIN,D,0.467926450983936,1.778673333333333,2.399166897486597,0.6204935641532643
05451210,2017-09,TRAIN,A,0.209714565860352,1.2733933333333334,1.2733933333333334,
05451210,2017-09,TRAIN,AFFINE_A,0.209714565860352,1.2733933333333334,3.514319567647478,
05451210,2017-09,TRAIN,AFFINE_B,0.209714565860352,1.314803333333333,3.465924995222003,
05451210,2017-09,TRAIN,B,0.209714565860352,1.314803333333333,1.314803333333333,
05451210,2017-09,TRAIN,C,0.209714565860352,1.2733933333333334,1.974082164956383,0.7006888316230495
05451210,2017-09,TRAIN,CLIMATOLOGY,0.209714565860352,,4.749966012410265,
05451210,2017-09,TRAIN,D,0.209714565860352,1.314803333333333,1.0989624534189704,-0.21584087991436274
05451210,2017-10,TRAIN,A,2.122247172937332,2.127748387096774,2.127748387096774,
05451210,2017-10,TRAIN,AFFINE_A,2.122247172937332,2.127748387096774,4.630808761629753,
05451210,2017-10,TRAIN,AFFINE_B,2.122247172937332,2.16831935483871,4.571234965020931,
05451210,2017-10,TRAIN,B,2.122247172937332,2.16831935483871,2.16831935483871,
05451210,2017-10,TRAIN,C,2.122247172937332,2.127748387096774,6.629829897864687,4.502081510767912
05451210,2017-10,TRAIN,CLIMATOLOGY,2.122247172937332,,3.116722036995072,
05451210,2017-10,TRAIN,D,2.122247172937332,2.16831935483871,6.141462603256431,3.9731432484177214
05451210,2017-11,TRAIN,A,0.7427508861081601,0.6295233333333333,0.6295233333333333,
05451210,2017-11,TRAIN,AFFINE_A,0.7427508861081601,0.6295233333333333,2.672896678928412,
05451210,2017-11,TRAIN,AFFINE_B,0.7427508861081601,0.6701133333333333,2.6310463679024316,
05451210,2017-11,TRAIN,B,0.7427508861081601,0.6701133333333333,0.6701133333333333,
05451210,2017-11,TRAIN,C,0.7427508861081601,0.6295233333333333,0.0,-0.9422915979942501
05451210,2017-11,TRAIN,CLIMATOLOGY,0.7427508861081601,,2.3116608738561024,
05451210,2017-11,TRAIN,D,0.7427508861081601,0.6701133333333333,0.0,-0.8734241973701153
05451210,2017-12,TRAIN,A,0.226927554801631,0.6006870967741936,0.6006870967741936,
05451210,2017-12,TRAIN,AFFINE_A,0.226927554801631,0.6006870967741936,2.6352128771277723,
05451210,2017-12,TRAIN,AFFINE_B,0.226927554801631,0.6375225806451613,2.588841086499567,
05451210,2017-12,TRAIN,B,0.226927554801631,0.6375225806451613,0.6375225806451613,
05451210,2017-12,TRAIN,C,0.226927554801631,0.6006870967741936,0.0,-0.9782983668943235
05451210,2017-12,TRAIN,CLIMATOLOGY,0.226927554801631,,5.266025500127727,
05451210,2017-12,TRAIN,D,0.226927554801631,0.6375225806451613,0.0,-0.8140949030503113
05451210,2018-01,VALIDATION,A,0.9154562469194324,3.5586,3.5586,
05451210,2018-01,VALIDATION,AFFINE_A,0.9154562469194324,3.5586,6.500675811589167,
05451210,2018-01,VALIDATION,AFFINE_B,0.9154562469194324,3.5936580645161293,6.417059819448538,
05451210,2018-01,VALIDATION,B,0.9154562469194324,3.5936580645161293,3.5936580645161293,
05451210,2018-01,VALIDATION,C,0.9154562469194324,3.5586,4.601841171381574,1.043241171381574
05451210,2018-01,VALIDATION,CLIMATOLOGY,0.9154562469194324,,2.4945588988222758,
05451210,2018-01,VALIDATION,D,0.9154562469194324,3.5936580645161293,4.7958333769627295,1.2021753124466006
05451210,2018-02,VALIDATION,A,2.278899361086172,4.204842857142856,4.204842857142856,
05451210,2018-02,VALIDATION,AFFINE_A,2.278899361086172,4.204842857142856,7.345199600042124,
05451210,2018-02,VALIDATION,AFFINE_B,2.278899361086172,4.238189285714286,7.251732826969245,
05451210,2018-02,VALIDATION,B,2.278899361086172,4.238189285714286,4.238189285714286,
05451210,2018-02,VALIDATION,C,2.278899361086172,4.204842857142856,5.408942525252934,1.2040996681100777
05451210,2018-02,VALIDATION,CLIMATOLOGY,2.278899361086172,,3.7210516679583727,
05451210,2018-02,VALIDATION,D,2.278899361086172,4.238189285714286,5.484144178238863,1.2459548925245774
05451210,2018-03,VALIDATION,A,6.259849990160516,2.219558064516129,2.219558064516129,
05451210,2018-03,VALIDATION,AFFINE_A,6.259849990160516,2.219558064516129,4.750787583420735,
05451210,2018-03,VALIDATION,AFFINE_B,6.259849990160516,2.2512129032258064,4.6785827630185235,
05451210,2018-03,VALIDATION,B,6.259849990160516,2.2512129032258064,2.2512129032258064,
05451210,2018-03,VALIDATION,C,6.259849990160516,2.219558064516129,5.88942367329239,3.6698656087762602
05451210,2018-03,VALIDATION,CLIMATOLOGY,6.259849990160516,,6.5353655999273625,
05451210,2018-03,VALIDATION,D,6.259849990160516,2.2512129032258064,5.099937008663479,2.8487241054376735
05451210,2018-04,VALIDATION,A,10.9529562617856,1.81787,1.81787,
05451210,2018-04,VALIDATION,AFFINE_A,10.9529562617856,1.81787,4.225853153164422,
05451210,2018-04,VALIDATION,AFFINE_B,10.9529562617856,1.89108,4.212207817078966,
05451210,2018-04,VALIDATION,B,10.9529562617856,1.89108,1.89108,
05451210,2018-04,VALIDATION,C,10.9529562617856,1.81787,6.327943763928482,4.510073763928482
05451210,2018-04,VALIDATION,CLIMATOLOGY,10.9529562617856,,5.75558784880128,
05451210,2018-04,VALIDATION,D,10.9529562617856,1.89108,5.15574190079086,3.264661900790859
05451210,2018-05,VALIDATION,A,8.749905596928,2.1753225806451613,2.1753225806451613,
05451210,2018-05,VALIDATION,AFFINE_A,8.749905596928,2.1753225806451613,4.692979720618313,
05451210,2018-05,VALIDATION,AFFINE_B,8.749905596928,2.307290322580645,4.751203462726277,
05451210,2018-05,VALIDATION,B,8.749905596928,2.307290322580645,2.307290322580645,
05451210,2018-05,VALIDATION,C,8.749905596928,2.1753225806451613,7.3938958937507575,5.218573313105596
05451210,2018-05,VALIDATION,CLIMATOLOGY,8.749905596928,,12.686129962548852,
05451210,2018-05,VALIDATION,D,8.749905596928,2.307290322580645,8.398332947136868,6.0910426245562235
05451210,2018-06,VALIDATION,A,7.54710034318848,2.5546333333333333,2.5546333333333333,
05451210,2018-06,VALIDATION,AFFINE_A,7.54710034318848,2.5546333333333333,5.188671008066222,
05451210,2018-06,VALIDATION,AFFINE_B,7.54710034318848,2.784766666666667,5.369539088729637,
05451210,2018-06,VALIDATION,B,7.54710034318848,2.784766666666667,2.784766666666667,
05451210,2018-06,VALIDATION,C,7.54710034318848,2.5546333333333333,10.888579975527444,8.33394664219411
05451210,2018-06,VALIDATION,CLIMATOLOGY,7.54710034318848,,12.012044080121857,
05451210,2018-06,VALIDATION,D,7.54710034318848,2.784766666666667,11.64360356871568,8.858836902049013
05451210,2018-07,VALIDATION,A,4.190071193618168,1.915258064516129,1.915258064516129,
05451210,2018-07,VALIDATION,AFFINE_A,4.190071193618168,1.915258064516129,4.3531219288053435,
05451210,2018-07,VALIDATION,AFFINE_B,4.190071193618168,2.020225806451613,4.379452653534319,
05451210,2018-07,VALIDATION,B,4.190071193618168,2.020225806451613,2.020225806451613,
05451210,2018-07,VALIDATION,C,4.190071193618168,1.915258064516129,5.779174352115892,3.8639162875997632
05451210,2018-07,VALIDATION,CLIMATOLOGY,4.190071193618168,,6.860952702042178,
05451210,2018-07,VALIDATION,D,4.190071193618168,2.020225806451613,5.154018139796866,3.1337923333452533
05451210,2018-08,VALIDATION,A,6.315478892013832,7.015903225806452,7.015903225806452,
05451210,2018-08,VALIDATION,AFFINE_A,6.315478892013832,7.015903225806452,11.018752546699998,
05451210,2018-08,VALIDATION,AFFINE_B,6.315478892013832,7.077322580645161,10.928432803778538,
05451210,2018-08,VALIDATION,B,6.315478892013832,7.077322580645161,7.077322580645161,
05451210,2018-08,VALIDATION,C,6.315478892013832,7.015903225806452,16.27944085515483,9.263537629348377
05451210,2018-08,VALIDATION,CLIMATOLOGY,6.315478892013832,,3.5273555298891908,
05451210,2018-08,VALIDATION,D,6.315478892013832,7.077322580645161,15.266115566904137,8.188792986258976
05451210,2018-09,VALIDATION,A,24.8980593134592,24.191333333333333,24.191333333333333,
05451210,2018-09,VALIDATION,AFFINE_A,24.8980593134592,24.191333333333333,33.46396666766804,
05451210,2018-09,VALIDATION,AFFINE_B,24.8980593134592,25.3592,34.60360804256872,
05451210,2018-09,VALIDATION,B,24.8980593134592,25.3592,25.3592,
05451210,2018-09,VALIDATION,C,24.8980593134592,24.191333333333333,27.25062336877428,3.0592900354409482
05451210,2018-09,VALIDATION,CLIMATOLOGY,24.8980593134592,,4.749966012410265,
05451210,2018-09,VALIDATION,D,24.8980593134592,25.3592,28.066815237716558,2.7076152377165577
05451210,2018-10,VALIDATION,A,27.31114181465187,26.345645161290324,26.345645161290324,
05451210,2018-10,VALIDATION,AFFINE_A,27.31114181465187,26.345645161290324,36.279266777133024,
05451210,2018-10,VALIDATION,AFFINE_B,27.31114181465187,26.22987096774193,35.731133802849456,
05451210,2018-10,VALIDATION,B,27.31114181465187,26.22987096774193,26.22987096774193,
05451210,2018-10,VALIDATION,C,27.31114181465187,26.345645161290324,24.025881262610014,-2.3197638986803106
05451210,2018-10,VALIDATION,CLIMATOLOGY,27.31114181465187,,3.116722036995072,
05451210,2018-10,VALIDATION,D,27.31114181465187,26.22987096774193,24.553661477430506,-1.6762094903114253
05451210,2018-11,VALIDATION,A,8.8612851935232,6.1867,6.1867,
05451210,2018-11,VALIDATION,AFFINE_A,8.8612851935232,6.1867,9.935132291690085,
05451210,2018-11,VALIDATION,AFFINE_B,8.8612851935232,6.143066666666667,9.718564037351948,
05451210,2018-11,VALIDATION,B,8.8612851935232,6.143066666666667,6.143066666666667,
05451210,2018-11,VALIDATION,C,8.8612851935232,6.1867,7.254336004766936,1.0676360047669355
05451210,2018-11,VALIDATION,CLIMATOLOGY,8.8612851935232,,2.3116608738561024,
05451210,2018-11,VALIDATION,D,8.8612851935232,6.143066666666667,7.348251301436137,1.2051846347694697
05451210,2018-12,VALIDATION,A,7.655596493146839,5.85158064516129,5.85158064516129,
05451210,2018-12,VALIDATION,AFFINE_A,7.655596493146839,5.85158064516129,9.497191254502365,
05451210,2018-12,VALIDATION,AFFINE_B,7.655596493146839,5.851645161290323,9.341170892770823,
05451210,2018-12,VALIDATION,B,7.655596493146839,5.851645161290323,5.851645161290323,
05451210,2018-12,VALIDATION,C,7.655596493146839,5.85158064516129,8.774401225946777,2.9228205807854875
05451210,2018-12,VALIDATION,CLIMATOLOGY,7.655596493146839,,5.266025500127727,
05451210,2018-12,VALIDATION,D,7.655596493146839,5.851645161290323,8.934041871304782,3.082396710014458
05451210,2019-01,VALIDATION,A,3.8539228211712,3.414935483870968,3.414935483870968,
05451210,2019-01,VALIDATION,AFFINE_A,3.8539228211712,3.414935483870968,6.312931993477255,
05451210,2019-01,VALIDATION,AFFINE_B,3.8539228211712,3.414677419354839,6.185278474384973,
05451210,2019-01,VALIDATION,B,3.8539228211712,3.414677419354839,3.414677419354839,
05451210,2019-01,VALIDATION,C,3.8539228211712,3.414935483870968,4.54968406025723,1.1347485763862624
05451210,2019-01,VALIDATION,CLIMATOLOGY,3.8539228211712,,2.4945588988222758,
05451210,2019-01,VALIDATION,D,3.8539228211712,3.414677419354839,4.391296502360578,0.9766190830057389
05451210,2019-02,VALIDATION,A,3.304778260476343,4.163321428571429,4.163321428571429,
05451210,2019-02,VALIDATION,AFFINE_A,3.304778260476343,4.163321428571429,7.290938521917171,
05451210,2019-02,VALIDATION,AFFINE_B,3.304778260476343,4.162964285714286,7.15431585952735,
05451210,2019-02,VALIDATION,B,3.304778260476343,4.162964285714286,4.162964285714286,
05451210,2019-02,VALIDATION,C,3.304778260476343,4.163321428571429,6.53979686841962,2.376475439848191
05451210,2019-02,VALIDATION,CLIMATOLOGY,3.304778260476343,,3.7210516679583727,
05451210,2019-02,VALIDATION,D,3.304778260476343,4.162964285714286,6.365390242499168,2.2024259567848823
05451210,2019-03,VALIDATION,A,18.3355235469857,13.11267741935484,13.11267741935484,
05451210,2019-03,VALIDATION,AFFINE_A,18.3355235469857,13.11267741935484,18.98614558225584,
05451210,2019-03,VALIDATION,AFFINE_B,18.3355235469857,13.152290322580646,18.795563873591586,
05451210,2019-03,VALIDATION,B,18.3355235469857,13.152290322580646,13.152290322580646,
05451210,2019-03,VALIDATION,C,18.3355235469857,13.11267741935484,15.255240044149188,2.142562624794348
05451210,2019-03,VALIDATION,CLIMATOLOGY,18.3355235469857,,6.5353655999273625,
05451210,2019-03,VALIDATION,D,18.3355235469857,13.152290322580646,14.976020132788666,1.8237298102080195
05451210,2019-04,VALIDATION,A,8.111832653721601,3.1136,3.1136,
05451210,2019-04,VALIDATION,AFFINE_A,8.111832653721601,3.1136,5.919140431031003,
05451210,2019-04,VALIDATION,AFFINE_B,8.111832653721601,3.021033333333333,5.675506282804365,
05451210,2019-04,VALIDATION,B,8.111832653721601,3.021033333333333,3.021033333333333,
05451210,2019-04,VALIDATION,C,8.111832653721601,3.1136,9.104550432932092,5.990950432932092
05451210,2019-04,VALIDATION,CLIMATOLOGY,8.111832653721601,,5.75558784880128,
05451210,2019-04,VALIDATION,D,8.111832653721601,3.021033333333333,7.578868641703494,4.55783530837016
05451210,2019-05,VALIDATION,A,19.748716881259355,18.443290322580644,18.443290322580644,
05451210,2019-05,VALIDATION,AFFINE_A,19.748716881259355,18.443290322580644,25.95230289301016,
05451210,2019-05,VALIDATION,AFFINE_B,19.748716881259355,18.29116129032258,25.45044224850168,
05451210,2019-05,VALIDATION,B,19.748716881259355,18.29116129032258,18.29116129032258,
05451210,2019-05,VALIDATION,C,19.748716881259355,18.443290322580644,22.28984535126111,3.8465550286804655
05451210,2019-05,VALIDATION,CLIMATOLOGY,19.748716881259355,,12.686129962548852,
05451210,2019-05,VALIDATION,D,19.748716881259355,18.29116129032258,24.19986569094157,5.90870440061899
05451210,2019-06,VALIDATION,A,13.2154723044864,7.4258,7.4258,
05451210,2019-06,VALIDATION,AFFINE_A,13.2154723044864,7.4258,11.554414291801589,
05451210,2019-06,VALIDATION,AFFINE_B,13.2154723044864,8.683666666666666,13.008661046097398,
05451210,2019-06,VALIDATION,B,13.2154723044864,8.683666666666666,8.683666666666666,
05451210,2019-06,VALIDATION,C,13.2154723044864,7.4258,11.894249960015372,4.468449960015372
05451210,2019-06,VALIDATION,CLIMATOLOGY,13.2154723044864,,12.012044080121857,
05451210,2019-06,VALIDATION,D,13.2154723044864,8.683666666666666,13.884431303348663,5.200764636681996
05451210,2019-07,VALIDATION,A,3.963353731549317,1.9183870967741936,1.9183870967741936,
05451210,2019-07,VALIDATION,AFFINE_A,3.963353731549317,1.9183870967741936,4.357211014119889,
05451210,2019-07,VALIDATION,AFFINE_B,3.963353731549317,1.998903225806452,4.3518397436707525,
05451210,2019-07,VALIDATION,B,3.963353731549317,1.998903225806452,1.998903225806452,
05451210,2019-07,VALIDATION,C,3.963353731549317,1.9183870967741936,6.740474002685662,4.822086905911469
05451210,2019-07,VALIDATION,CLIMATOLOGY,3.963353731549317,,6.860952702042178,
05451210,2019-07,VALIDATION,D,3.963353731549317,1.998903225806452,6.397615072795536,4.398711846989084
05451210,2019-08,VALIDATION,A,1.105992086617022,3.1465483870967743,3.1465483870967743,
05451210,2019-08,VALIDATION,AFFINE_A,1.105992086617022,3.1465483870967743,5.96219807783797,
05451210,2019-08,VALIDATION,AFFINE_B,1.105992086617022,3.148935483870968,5.841140575056582,
05451210,2019-08,VALIDATION,B,1.105992086617022,3.148935483870968,3.148935483870968,
05451210,2019-08,VALIDATION,C,1.105992086617022,3.1465483870967743,5.799434647701872,2.6528862606050976
05451210,2019-08,VALIDATION,CLIMATOLOGY,1.105992086617022,,3.5273555298891908,
05451210,2019-08,VALIDATION,D,1.105992086617022,3.148935483870968,4.25739600712797,1.1084605232570024
05451210,2019-09,VALIDATION,A,4.468200174291456,2.024033333333333,2.024033333333333,
05451210,2019-09,VALIDATION,AFFINE_A,4.468200174291456,2.024033333333333,4.4952717430681055,
05451210,2019-09,VALIDATION,AFFINE_B,4.468200174291456,2.0264,4.38744828280495,
05451210,2019-09,VALIDATION,B,4.468200174291456,2.0264,2.0264,
05451210,2019-09,VALIDATION,C,4.468200174291456,2.024033333333333,7.68401775759272,5.659984424259386
05451210,2019-09,VALIDATION,CLIMATOLOGY,4.468200174291456,,4.749966012410265,
05451210,2019-09,VALIDATION,D,4.468200174291456,2.0264,8.730979857685027,6.704579857685027
05451210,2019-10,VALIDATION,A,21.25042319729961,12.01216129032258,12.01216129032258,
05451210,2019-10,VALIDATION,AFFINE_A,21.25042319729961,12.01216129032258,17.54796790605995,
05451210,2019-10,VALIDATION,AFFINE_B,21.25042319729961,12.041935483870969,17.357645612753696,
05451210,2019-10,VALIDATION,B,21.25042319729961,12.041935483870969,12.041935483870969,
05451210,2019-10,VALIDATION,C,21.25042319729961,12.01216129032258,16.07184858848659,4.059687298164011
05451210,2019-10,VALIDATION,CLIMATOLOGY,21.25042319729961,,3.116722036995072,
05451210,2019-10,VALIDATION,D,21.25042319729961,12.041935483870969,15.89096726922932,3.849031785358351
05451210,2019-11,VALIDATION,A,5.94653778432,2.8688,2.8688,
05451210,2019-11,VALIDATION,AFFINE_A,5.94653778432,2.8688,5.599230630670018,
05451210,2019-11,VALIDATION,AFFINE_B,5.94653778432,2.786833333333333,5.372215438339206,
05451210,2019-11,VALIDATION,B,5.94653778432,2.786833333333333,2.786833333333333,
05451210,2019-11,VALIDATION,C,5.94653778432,2.8688,4.76761859035557,1.8988185903555705
05451210,2019-11,VALIDATION,CLIMATOLOGY,5.94653778432,,2.3116608738561024,
05451210,2019-11,VALIDATION,D,5.94653778432,2.786833333333333,4.5855588041779765,1.7987254708446436
05451210,2019-12,VALIDATION,A,6.097256483922581,3.463290322580645,3.463290322580645,
05451210,2019-12,VALIDATION,AFFINE_A,6.097256483922581,3.463290322580645,6.376123116018514,
05451210,2019-12,VALIDATION,AFFINE_B,6.097256483922581,3.5000322580645165,6.295813662734442,
05451210,2019-12,VALIDATION,B,6.097256483922581,3.5000322580645165,3.5000322580645165,
05451210,2019-12,VALIDATION,C,6.097256483922581,3.463290322580645,4.378188261772246,0.9148979391916012
05451210,2019-12,VALIDATION,CLIMATOLOGY,6.097256483922581,,5.266025500127727,
05451210,2019-12,VALIDATION,D,6.097256483922581,3.5000322580645165,4.4086801735429395,0.9086479154784233
05451210,2020-01,VALIDATION,A,3.1435353503777037,3.362096774193548,3.362096774193548,
05451210,2020-01,VALIDATION,AFFINE_A,3.1435353503777037,3.362096774193548,6.24388125383577,
05451210,2020-01,VALIDATION,AFFINE_B,3.1435353503777037,3.343645161290323,6.093291140769883,
05451210,2020-01,VALIDATION,B,3.1435353503777037,3.343645161290323,3.343645161290323,
05451210,2020-01,VALIDATION,C,3.1435353503777037,3.362096774193548,4.080449264132291,0.7183524899387423
05451210,2020-01,VALIDATION,CLIMATOLOGY,3.1435353503777037,,2.4945588988222758,
05451210,2020-01,VALIDATION,D,3.1435353503777037,3.343645161290323,3.9605074861385283,0.6168623248482055
05451210,2020-02,VALIDATION,A,3.4794569360666485,4.056344827586207,4.056344827586207,
05451210,2020-02,VALIDATION,AFFINE_A,3.4794569360666485,4.056344827586207,7.151139244692992,
05451210,2020-02,VALIDATION,AFFINE_B,3.4794569360666485,4.056655172413793,7.016644720555322,
05451210,2020-02,VALIDATION,B,3.4794569360666485,4.056655172413793,4.056655172413793,
05451210,2020-02,VALIDATION,C,3.4794569360666485,4.056344827586207,4.555271852472033,0.49892702488582596
05451210,2020-02,VALIDATION,CLIMATOLOGY,3.4794569360666485,,3.7210516679583727,
05451210,2020-02,VALIDATION,D,3.4794569360666485,4.056655172413793,4.199192119765646,0.14253694735185363
05451210,2020-03,VALIDATION,A,9.83508023406658,3.367225806451613,3.367225806451613,
05451210,2020-03,VALIDATION,AFFINE_A,9.83508023406658,3.367225806451613,6.250583981310127,
05451210,2020-03,VALIDATION,AFFINE_B,9.83508023406658,3.338806451612903,6.087024973629889,
05451210,2020-03,VALIDATION,B,9.83508023406658,3.338806451612903,3.338806451612903,
05451210,2020-03,VALIDATION,C,9.83508023406658,3.367225806451613,7.395165146837231,4.027939340385617
05451210,2020-03,VALIDATION,CLIMATOLOGY,9.83508023406658,,6.5353655999273625,
05451210,2020-03,VALIDATION,D,9.83508023406658,3.338806451612903,6.364539290518108,3.025732838905205
05451210,2020-04,VALIDATION,A,4.7260816962048,2.1556,2.1556,
05451210,2020-04,VALIDATION,AFFINE_A,4.7260816962048,2.1556,4.66720583648107,
05451210,2020-04,VALIDATION,AFFINE_B,4.7260816962048,2.1523666666666665,4.550576108201168,
05451210,2020-04,VALIDATION,B,4.7260816962048,2.1523666666666665,2.1523666666666665,
05451210,2020-04,VALIDATION,C,4.7260816962048,2.1556,5.403509557538136,3.2479095575381365
05451210,2020-04,VALIDATION,CLIMATOLOGY,4.7260816962048,,5.75558784880128,
05451210,2020-04,VALIDATION,D,4.7260816962048,2.1523666666666665,3.9372109178364494,1.7848442511697828
05451210,2020-05,VALIDATION,A,15.460176137234168,5.3232580645161285,5.3232580645161285,
05451210,2020-05,VALIDATION,AFFINE_A,15.460176137234168,5.3232580645161285,8.806768169124938,
05451210,2020-05,VALIDATION,AFFINE_B,15.460176137234168,5.316967741935484,8.648759423801646,
05451210,2020-05,VALIDATION,B,15.460176137234168,5.316967741935484,5.316967741935484,
05451210,2020-05,VALIDATION,C,15.460176137234168,5.3232580645161285,11.122737200525753,5.799479136009625
05451210,2020-05,VALIDATION,CLIMATOLOGY,15.460176137234168,,12.686129962548852,
05451210,2020-05,VALIDATION,D,15.460176137234168,5.316967741935484,12.740632315675759,7.423664573740275
05451210,2020-06,VALIDATION,A,19.2450728388096,14.469166666666666,14.469166666666666,
05451210,2020-06,VALIDATION,AFFINE_A,19.2450728388096,14.469166666666666,20.758834325308737,
05451210,2020-06,VALIDATION,AFFINE_B,19.2450728388096,15.251166666666666,21.51362526909029,
05451210,2020-06,VALIDATION,B,19.2450728388096,15.251166666666666,15.251166666666666,
05451210,2020-06,VALIDATION,C,19.2450728388096,14.469166666666666,20.549561285498623,6.0803946188319555
05451210,2020-06,VALIDATION,CLIMATOLOGY,19.2450728388096,,12.012044080121857,
05451210,2020-06,VALIDATION,D,19.2450728388096,15.251166666666666,21.910936736049287,6.659770069382621
05451210,2020-07,VALIDATION,A,2.6932061448984776,1.6273870967741937,1.6273870967741937,
05451210,2020-07,VALIDATION,AFFINE_A,2.6932061448984776,1.6273870967741937,3.9769260798672468,
05451210,2020-07,VALIDATION,AFFINE_B,2.6932061448984776,1.7079354838709675,3.9750342263191993,
05451210,2020-07,VALIDATION,B,2.6932061448984776,1.7079354838709675,1.7079354838709675,
05451210,2020-07,VALIDATION,C,2.6932061448984776,1.6273870967741937,3.565666316267565,1.9382792194933711
05451210,2020-07,VALIDATION,CLIMATOLOGY,2.6932061448984776,,6.860952702042178,
05451210,2020-07,VALIDATION,D,2.6932061448984776,1.7079354838709675,2.957863530117354,1.2499280462463866
05451210,2020-08,VALIDATION,A,0.2517641696028077,0.8637516129032258,0.8637516129032258,
05451210,2020-08,VALIDATION,AFFINE_A,0.2517641696028077,0.8637516129032258,2.978991132180459,
05451210,2020-08,VALIDATION,AFFINE_B,0.2517641696028077,0.8796935483870967,2.9024543969666743,
05451210,2020-08,VALIDATION,B,0.2517641696028077,0.8796935483870967,0.8796935483870967,
05451210,2020-08,VALIDATION,C,0.2517641696028077,0.8637516129032258,1.014586410333278,0.15083479743005235
05451210,2020-08,VALIDATION,CLIMATOLOGY,0.2517641696028077,,3.5273555298891908,
05451210,2020-08,VALIDATION,D,0.2517641696028077,0.8796935483870967,0.242974266093531,-0.6367192822935657
05451210,2020-09,VALIDATION,A,0.246847390691328,1.1840833333333334,1.1840833333333334,
05451210,2020-09,VALIDATION,AFFINE_A,0.246847390691328,1.1840833333333334,3.3976073770010746,
05451210,2020-09,VALIDATION,AFFINE_B,0.246847390691328,1.20282,3.320905696619569,
05451210,2020-09,VALIDATION,B,0.246847390691328,1.20282,1.20282,
05451210,2020-09,VALIDATION,C,0.246847390691328,1.1840833333333334,2.931929848948161,1.7478465156148273
05451210,2020-09,VALIDATION,CLIMATOLOGY,0.246847390691328,,4.749966012410265,
05451210,2020-09,VALIDATION,D,0.246847390691328,1.20282,2.2013993784526447,0.9985793784526444
05451210,2020-10,VALIDATION,A,0.0475174954747045,0.6072645161290322,0.6072645161290322,
05451210,2020-10,VALIDATION,AFFINE_A,0.0475174954747045,0.6072645161290322,2.643808387392057,
05451210,2020-10,VALIDATION,AFFINE_B,0.0475174954747045,0.6261225806451614,2.5740779967177447,
05451210,2020-10,VALIDATION,B,0.0475174954747045,0.6261225806451614,0.6261225806451614,
05451210,2020-10,VALIDATION,C,0.0475174954747045,0.6072645161290322,0.5227527509692411,-0.08451176515979109
05451210,2020-10,VALIDATION,CLIMATOLOGY,0.0475174954747045,,3.116722036995072,
05451210,2020-10,VALIDATION,D,0.0475174954747045,0.6261225806451614,0.26740313512021174,-0.3587194455249496
05451210,2020-11,VALIDATION,A,0.13398587912448,0.5977266666666666,0.5977266666666666,
05451210,2020-11,VALIDATION,AFFINE_A,0.13398587912448,0.5977266666666666,2.6313441246576676,
05451210,2020-11,VALIDATION,AFFINE_B,0.13398587912448,0.6160066666666667,2.5609778084467174,
05451210,2020-11,VALIDATION,B,0.13398587912448,0.6160066666666667,0.6160066666666667,
05451210,2020-11,VALIDATION,C,0.13398587912448,0.5977266666666666,1.0214235274730417,0.42369686080637514
05451210,2020-11,VALIDATION,CLIMATOLOGY,0.13398587912448,,2.3116608738561024,
05451210,2020-11,VALIDATION,D,0.13398587912448,0.6160066666666667,1.016833059712559,0.4008263930458922
05451210,2020-12,VALIDATION,A,0.112764990702658,0.4312935483870967,0.4312935483870967,
05451210,2020-12,VALIDATION,AFFINE_A,0.112764990702658,0.4312935483870967,2.4138458172954396,
05451210,2020-12,VALIDATION,AFFINE_B,0.112764990702658,0.4487709677419355,2.3444062612579772,
05451210,2020-12,VALIDATION,B,0.112764990702658,0.4487709677419355,0.4487709677419355,
05451210,2020-12,VALIDATION,C,0.112764990702658,0.4312935483870967,0.0,-1.7437714771861632
05451210,2020-12,VALIDATION,CLIMATOLOGY,0.112764990702658,,5.266025500127727,
05451210,2020-12,VALIDATION,D,0.112764990702658,0.4487709677419355,0.0,-1.5616754397241905
