station_id,month,arm,partition,simulation_id,expected_days,paired_days,coverage_fraction,estimated_days,observed_streamflow_m3s,physical_streamflow_m3s,residual_streamflow_m3s,precipitation_mm,temperature_c,solar_radiation_mj_m2,relative_humidity_percent,wind_speed_ms,et_mm,pet_mm,percolation_mm,tile_drainage_mm,runoff_mm,soil_water_profile_mm,fspm_active_days,fspm_lai_available_days,fspm_lai,fspm_root_depth_m_available_days,fspm_root_depth_m,fspm_biomass_g_plant_available_days,fspm_biomass_g_plant,fspm_transpiration_mm_available_days,fspm_transpiration_mm,fspm_water_stress_available_days,fspm_water_stress
05451210,2013-01,A,TRAIN,sf-multi-v1-a-2013,31,31,1.0,24,0.11765193035643871,0.926673870967742,-0.8090219406113033,16.381671139387866,-5.480650042548308,226.80521215823705,66.76623572578623,4.739221604996002,18.718,31.671,0.186,0.0,8.36,109.08354838709678,,0,,0,,0,,0,,0,
05451210,2013-01,B,TRAIN,sf-multi-v1-b-2013,31,31,1.0,24,0.11765193035643871,0.9266751612903226,-0.8090232309338838,16.381671139387866,-5.480650042548308,226.80521215823705,66.76623572578623,4.739221604996002,18.83,31.671,0.186,0.0,8.36,114.03690322580644,0,31,0.0,31,0.0,31,0.0,31,0.0,0,
05451210,2013-02,A,TRAIN,sf-multi-v1-a-2013,28,28,1.0,25,0.2517064267243886,0.697515,-0.4458085732756114,25.69055619511124,-3.5866962396325848,246.19476294637494,69.36478881180413,4.968355843197894,15.99,29.198,0.168,0.0,2.5,106.41621428571429,,0,,0,,0,,0,,0,
05451210,2013-02,B,TRAIN,sf-multi-v1-b-2013,28,28,1.0,25,0.2517064267243886,0.697515,-0.4458085732756114,25.69055619511124,-3.5866962396325848,246.19476294637494,69.36478881180413,4.968355843197894,15.994,29.198,0.168,0.0,2.5,111.33460714285715,0,28,0.0,28,0.0,28,0.0,28,0.0,0,
05451210,2013-03,A,TRAIN,sf-multi-v1-a-2013,31,31,1.0,3,8.334095540891088,2.3572390322580645,5.976856508633023,59.690097077786056,-2.7480989556642537,450.240531150665,76.90605093432447,4.380528015333331,14.198,23.146,0.166,0.0,33.14,113.19351612903225,,0,,0,,0,,0,,0,
05451210,2013-03,B,TRAIN,sf-multi-v1-b-2013,31,31,1.0,3,8.334095540891088,2.35723935483871,5.976856186052379,59.690097077786056,-2.7480989556642537,450.240531150665,76.90605093432447,4.380528015333331,14.254,23.146,0.166,0.0,33.14,118.12251612903226,0,31,0.0,31,0.0,31,0.0,31,0.0,0,
05451210,2013-04,A,TRAIN,sf-multi-v1-a-2013,30,30,1.0,0,5.329136139125761,6.567449999999999,-1.2383138608742383,176.0824243841182,6.21736858229704,465.63846920672364,65.3899050444465,5.116294054153021,48.86,82.977,0.87,0.0,12.895,189.6521,,0,,0,,0,,0,,0,
05451210,2013-04,B,TRAIN,sf-multi-v1-b-2013,30,30,1.0,0,5.329136139125761,6.5672299999999995,-1.2380938608742387,176.0824243841182,6.21736858229704,465.63846920672364,65.3899050444465,5.116294054153021,49.083,82.977,0.865,0.0,12.895,194.43400000000003,0,30,0.0,30,0.0,30,0.0,30,0.0,0,
05451210,2013-05,A,TRAIN,sf-multi-v1-a-2013,31,31,1.0,0,28.61463020454813,2.478458064516129,26.136172140032002,248.00375885189828,14.408638495925526,617.2617150529168,68.26170122481432,5.114146855472482,77.90299999999999,126.378,3.747,2.376,11.290000000000001,303.72525806451614,,0,,0,,0,,0,,0,
05451210,2013-05,B,TRAIN,sf-multi-v1-b-2013,31,31,1.0,0,28.61463020454813,2.496083870967742,26.11854633358039,248.00375885189828,14.408638495925526,617.2617150529168,68.26170122481432,5.114146855472482,78.135,126.378,3.85,2.738,11.290000000000001,308.1475161290323,11,31,0.05609287409836501,31,0.04491481387595941,31,0.4646017730604955,31,17.759431716260863,11,0.044212668000000004
05451210,2013-06,A,TRAIN,sf-multi-v1-a-2013,30,30,1.0,0,11.441893812940801,3.3353333333333333,8.106560479607468,99.91815796880363,20.835142024717083,676.708767371662,69.26335344092048,4.232646369881534,123.683,153.54,7.523,4.25,3.559,382.469,,0,,0,,0,,0,,0,
05451210,2013-06,B,TRAIN,sf-multi-v1-b-2013,30,30,1.0,0,11.441893812940801,3.5309666666666666,7.910927146274135,99.91815796880363,20.835142024717083,676.708767371662,69.26335344092048,4.232646369881534,117.136,153.54,7.699,4.765,3.572,388.3376,30,30,1.179304315241516,30,0.4754071887044973,30,25.069303743360106,30,61.08083106016197,30,0.044212668
05451210,2013-07,A,TRAIN,sf-multi-v1-a-2013,31,31,1.0,0,1.995424238071742,1.7863225806451613,0.2091016574265807,63.14466891195438,21.583066310649667,779.362491015728,70.2415692137439,3.6958366267093874,160.374,165.774,4.733,0.002,2.649,292.3296774193548,,0,,0,,0,,0,,0,
05451210,2013-07,B,TRAIN,sf-multi-v1-b-2013,31,31,1.0,0,1.995424238071742,1.8437419354838709,0.15168230258787108,63.14466891195438,21.583066310649667,779.362491015728,70.2415692137439,3.6958366267093874,160.249,165.774,5.068,0.008,2.651,302.0971935483871,31,31,4.364445527861028,31,1.0753463399072212,31,148.4591470477859,31,70.02591272531139,31,0.04424870840499323
05451210,2013-08,A,TRAIN,sf-multi-v1-a-2013,31,31,1.0,4,0.39349455402908906,0.7803354838709677,-0.3868409298418787,21.257098115939883,24.516472938775355,607.5695466465876,50.91320536825689,3.557557079993209,111.626,204.24599999999998,2.098,0.0,0.007,204.86087096774193,,0,,0,,0,,0,,0,
05451210,2013-08,B,TRAIN,sf-multi-v1-b-2013,31,31,1.0,4,0.39349455402908906,0.8475677419354839,-0.45407318790639484,21.257098115939883,24.516472938775355,607.5695466465876,50.91320536825689,3.557557079993209,112.101,204.24599999999998,2.379,0.0,0.007,213.79283870967743,31,31,4.001383307023377,31,1.200084807226179,31,290.34861593754414,31,59.637543024388755,31,0.08460510969639347
05451210,2013-09,A,TRAIN,sf-multi-v1-a-2013,30,30,1.0,23,0.036188929944576,0.3768066666666667,-0.34061773672209067,30.795016766147707,20.618504655275352,510.2649950242202,52.90400217872794,4.409095082232509,19.272,175.718,0.84,0.0,0.011,167.9294,,0,,0,,0,,0,,0,
05451210,2013-09,B,TRAIN,sf-multi-v1-b-2013,30,30,1.0,23,0.036188929944576,0.42178,-0.385591070055424,30.795016766147707,20.618504655275352,510.2649950242202,52.90400217872794,4.409095082232509,19.499,175.718,0.992,0.0,0.011,176.57920000000001,0,30,0.0,30,0.0,30,0.0,30,0.0,0,
05451210,2013-10,A,TRAIN,sf-multi-v1-a-2013,31,31,1.0,27,0.08375392464582193,0.3082161290322581,-0.22446220438643616,52.16093298645481,10.76986489025544,339.72562408145666,58.67086842614581,4.716472611203067,37.131,106.051,0.786,0.0,0.595,186.22932258064517,,0,,0,,0,,0,,0,
05451210,2013-10,B,TRAIN,sf-multi-v1-b-2013,31,31,1.0,27,0.08375392464582193,0.3437612903225807,-0.26000736567675875,52.16093298645481,10.76986489025544,339.72562408145666,58.67086842614581,4.716472611203067,37.508,106.051,0.9359999999999999,0.0,0.595,194.32712903225806,0,31,0.0,31,0.0,31,0.0,31,0.0,0,
05451210,2013-11,A,TRAIN,sf-multi-v1-a-2013,30,30,1.0,0,0.172949860035072,0.3866833333333333,-0.2137334732982613,44.92157729662581,0.29249315084098626,213.52743831097493,67.42764659878065,5.067285768630355,20.798,47.379,0.724,0.0,1.563,203.217,,0,,0,,0,,0,,0,
05451210,2013-11,B,TRAIN,sf-multi-v1-b-2013,30,30,1.0,0,0.172949860035072,0.4189633333333333,-0.2460134732982613,44.92157729662581,0.29249315084098626,213.52743831097493,67.42764659878065,5.067285768630355,20.947,47.379,0.862,0.0,1.563,210.93003333333334,0,30,0.0,30,0.0,30,0.0,30,0.0,0,
05451210,2013-12,A,TRAIN,sf-multi-v1-a-2013,31,31,1.0,27,0.10705594905104517,0.2289774193548387,-0.12192147030379354,17.05152050210009,-8.132419073917053,180.1170972643835,75.22102265444482,4.3357666056035375,7.8,16.573,0.666,0.0,1.159,202.45170967741936,,0,,0,,0,,0,,0,
05451210,2013-12,B,TRAIN,sf-multi-v1-b-2013,31,31,1.0,27,0.10705594905104517,0.25946451612903226,-0.1524085670779871,17.05152050210009,-8.132419073917053,180.1170972643835,75.22102265444482,4.3357666056035375,7.794,16.573,0.804,0.0,1.159,209.95429032258065,0,31,0.0,31,0.0,31,0.0,31,0.0,0,
05451210,2014-01,A,TRAIN,sf-multi-v1-a-2014,31,31,1.0,31,0.09814984407452904,0.9341193548387097,-0.8359695107641807,6.776931535218172,-11.06739384508831,237.0847841889873,69.5304723562047,5.309513225393475,11.531,21.864,0.618,0.0,5.148,201.90493548387096,,0,,0,,0,,0,,0,
05451210,2014-01,B,TRAIN,sf-multi-v1-b-2014,31,31,1.0,31,0.09814984407452904,0.9630967741935484,-0.8649469301190194,6.776931535218172,-11.06739384508831,237.0847841889873,69.5304723562047,5.309513225393475,11.555,21.864,0.75,0.0,5.148,209.27074193548387,0,31,0.0,31,0.0,31,0.0,31,0.0,0,
05451210,2014-02,A,TRAIN,sf-multi-v1-a-2014,28,28,1.0,28,0.06461297602724572,2.511239285714286,-2.44662630968704,46.871507564653456,-12.353526415710707,270.4259212035902,78.82186842724617,4.228140014635103,4.491,11.231,0.532,0.0,12.0,201.98624999999998,,0,,0,,0,,0,,0,
05451210,2014-02,B,TRAIN,sf-multi-v1-b-2014,28,28,1.0,28,0.06461297602724572,2.5387392857142856,-2.47412630968704,46.871507564653456,-12.353526415710707,270.4259212035902,78.82186842724617,4.228140014635103,4.473,11.231,0.644,0.0,12.0,209.24017857142857,0,28,0.0,28,0.0,28,0.0,28,0.0,0,
05451210,2014-03,A,TRAIN,sf-multi-v1-a-2014,31,31,1.0,17,3.0840882414677884,3.7220354838709677,-0.6379472424031793,29.569182359864637,-2.1693453508177223,475.3074977949971,67.40632492778106,5.087033239465216,34.464,52.763999999999996,0.62,0.0,22.784,209.27161290322582,,0,,0,,0,,0,,0,
05451210,2014-03,B,TRAIN,sf-multi-v1-b-2014,31,31,1.0,17,3.0840882414677884,3.7488,-0.6647117585322118,29.569182359864637,-2.1693453508177223,475.3074977949971,67.40632492778106,5.087033239465216,34.595,52.763999999999996,0.737,0.0,22.784,216.33948387096774,0,31,0.0,31,0.0,31,0.0,31,0.0,0,
05451210,2014-04,A,TRAIN,sf-multi-v1-a-2014,30,30,1.0,0,2.91229328249856,0.91963,1.9926632824985602,136.05620007848512,7.499434849514796,468.3654470846051,65.60380140824415,5.6509443880602,47.377,90.232,0.847,0.0,3.947,228.9957,,0,,0,,0,,0,,0,
05451210,2014-04,B,TRAIN,sf-multi-v1-b-2014,30,30,1.0,0,2.91229328249856,0.94482,1.9674732824985601,136.05620007848512,7.499434849514796,468.3654470846051,65.60380140824415,5.6509443880602,47.647,90.232,0.956,0.0,3.947,235.79166666666666,0,30,0.0,30,0.0,30,0.0,30,0.0,0,
05451210,2014-05,A,TRAIN,sf-multi-v1-a-2014,31,31,1.0,0,7.120316747891613,1.8014225806451611,5.3188941672464525,73.64242858346441,15.487057156897206,632.0908316423396,61.371066947981035,4.535799114222522,62.873,145.164,2.812,0.0,6.341,295.3585483870968,,0,,0,,0,,0,,0,
05451210,2014-05,B,TRAIN,sf-multi-v1-b-2014,31,31,1.0,0,7.120316747891613,1.8234193548387096,5.2968973930529035,73.64242858346441,15.487057156897206,632.0908316423396,61.371066947981035,4.535799114222522,62.874,145.164,2.909,0.0,6.341,301.69596774193553,13,31,0.103889797152804,31,0.07954333185680411,31,1.1534927252805276,31,25.368696844095876,13,0.044234299684608555
05451210,2014-06,A,TRAIN,sf-multi-v1-a-2014,30,30,1.0,0,25.419561238195204,6.010266666666666,19.409294571528537,294.4591596098451,20.65968373888936,671.2454576256921,68.16459104719881,4.316633690988353,129.971,153.718,3.505,1.851,28.985,316.34666666666664,,0,,0,,0,,0,,0,
05451210,2014-06,B,TRAIN,sf-multi-v1-b-2014,30,30,1.0,0,25.419561238195204,6.079946666666667,19.339614571528536,294.4591596098451,20.65968373888936,671.2454576256921,68.16459104719881,4.316633690988353,121.176,153.718,3.832,2.406,29.036,327.7803,30,30,1.774784431749169,30,0.608600878862428,30,40.83170879794209,30,61.0471984287898,30,0.044227416153091004
05451210,2014-07,A,TRAIN,sf-multi-v1-a-2014,31,31,1.0,0,22.32637202312919,5.319677419354838,17.00669460377435,44.705690863401166,19.86282699469709,763.9100504285412,66.02124273280509,4.071695633512028,162.196,165.907,7.187,12.481,3.379,343.60364516129033,,0,,0,,0,,0,,0,
05451210,2014-07,B,TRAIN,sf-multi-v1-b-2014,31,31,1.0,0,22.32637202312919,6.259225806451613,16.067146216677575,44.705690863401166,19.86282699469709,763.9100504285412,66.02124273280509,4.071695633512028,162.052,165.907,7.649,16.283,3.388,354.26032258064515,31,31,4.534810977694072,31,1.108497365358959,31,168.60781018510156,31,67.0490093073813,31,0.04421318010289415
05451210,2014-08,A,TRAIN,sf-multi-v1-a-2014,31,31,1.0,0,0.7434542400396388,1.239090322580645,-0.49563608254100633,119.29252702135022,21.524102261771784,579.8227740667523,62.747652294240375,3.2823608852638517,122.618,150.396,3.622,0.005,1.074,247.21161290322578,,0,,0,,0,,0,,0,
05451210,2014-08,B,TRAIN,sf-multi-v1-b-2014,31,31,1.0,0,0.7434542400396388,1.327741935483871,-0.5842876954442323,119.29252702135022,21.524102261771784,579.8227740667523,62.747652294240375,3.2823608852638517,122.935,150.396,3.997,0.008,1.079,256.90712903225807,31,31,4.288643547974004,31,1.2001329486155448,31,314.5088950045452,31,55.595296383031545,31,0.045539401700557036
05451210,2014-09,A,TRAIN,sf-multi-v1-a-2014,30,30,1.0,0,1.5410027915366402,0.88714,0.6538627915366402,93.1342617048274,15.71323768372359,495.1738766532504,64.79030785268013,4.31323886959674,60.894,123.628,2.617,0.0,0.424,285.5987333333333,,0,,0,,0,,0,,0,
05451210,2014-09,B,TRAIN,sf-multi-v1-b-2014,30,30,1.0,0,1.5410027915366402,0.9618133333333333,0.5791894582033069,93.1342617048274,15.71323768372359,495.1738766532504,64.79030785268013,4.31323886959674,62.033,123.628,2.921,0.0,0.426,294.32893333333334,5,30,0.19916009081721617,30,0.20003647025258267,30,63.42326884748008,30,8.426553267873015,5,0.044669484931810145
05451210,2014-10,A,TRAIN,sf-multi-v1-a-2014,31,31,1.0,0,4.78947489470431,0.8756387096774193,3.9138361850268906,60.03035795667247,9.275687969527565,358.9289380483653,65.51021294603403,4.827150235379443,41.236,86.412,2.813,0.0,1.5570000000000002,312.58767741935486,,0,,0,,0,,0,,0,
05451210,2014-10,B,TRAIN,sf-multi-v1-b-2014,31,31,1.0,0,4.78947489470431,0.9422806451612903,3.8471942495430196,60.03035795667247,9.275687969527565,358.9289380483653,65.51021294603403,4.827150235379443,41.878,86.412,3.106,0.0,1.5570000000000002,320.0985483870968,0,31,0.0,31,0.0,31,0.0,31,0.0,0,
05451210,2014-11,A,TRAIN,sf-multi-v1-a-2014,30,30,1.0,15,2.1950275583231997,0.8073999999999999,1.3876275583231998,15.563409115438812,-2.866869385163216,208.31650728645099,70.5720177853025,5.129861470331672,12.772,39.99,2.431,0.0,2.3689999999999998,310.3557666666667,,0,,0,,0,,0,,0,
05451210,2014-11,B,TRAIN,sf-multi-v1-b-2014,30,30,1.0,15,2.1950275583231997,0.8689300000000001,1.3260975583231995,15.563409115438812,-2.866869385163216,208.31650728645099,70.5720177853025,5.129861470331672,12.838,39.99,2.7,0.0,2.3689999999999998,317.27093333333335,0,30,0.0,30,0.0,30,0.0,30,0.0,0,
05451210,2014-12,A,TRAIN,sf-multi-v1-a-2014,31,31,1.0,20,2.3488367524731872,1.6513290322580645,0.6975077202151228,29.919818099792153,-3.17746966069769,182.62070646940336,74.08283097732506,4.099395517537496,16.996000000000002,27.802,2.1590000000000003,0.0,7.566,311.68709677419355,,0,,0,,0,,0,,0,
05451210,2014-12,B,TRAIN,sf-multi-v1-b-2014,31,31,1.0,20,2.3488367524731872,1.698848387096774,0.6499883653764131,29.919818099792153,-3.17746966069769,182.62070646940336,74.08283097732506,4.099395517537496,17.104,27.802,2.424,0.0,7.475,318.30367741935487,0,31,0.0,31,0.0,31,0.0,31,0.0,0,
05451210,2015-01,A,TRAIN,sf-multi-v1-a-2015,31,31,1.0,31,1.5135811226756128,1.2294064516129033,0.28417467106270955,33.62390942493263,-6.460738142701934,230.96230985431967,73.16617946432585,4.474596741736176,18.316,26.196,1.895,0.0,5.367,313.67619354838706,,0,,0,,0,,0,,0,
05451210,2015-01,B,TRAIN,sf-multi-v1-b-2015,31,31,1.0,31,1.5135811226756128,1.2852354838709679,0.22834563880464498,33.62390942493263,-6.460738142701934,230.96230985431967,73.16617946432585,4.474596741736176,18.433,26.196,2.151,0.0,5.367,319.97432258064515,0,31,0.0,31,0.0,31,0.0,31,0.0,0,
05451210,2015-02,A,TRAIN,sf-multi-v1-a-2015,28,28,1.0,28,0.7391303750081829,0.8809142857142858,-0.14178391070610286,16.550187630249283,-11.365324709439237,260.5589437338845,77.51414447507463,4.418174275854027,5.192,11.81,1.601,0.0,3.226,311.7818571428571,,0,,0,,0,,0,,0,
05451210,2015-02,B,TRAIN,sf-multi-v1-b-2015,28,28,1.0,28,0.7391303750081829,0.9343571428571428,-0.19522676784895987,16.550187630249283,-11.365324709439237,260.5589437338845,77.51414447507463,4.418174275854027,5.149,11.81,1.822,0.0,3.226,317.79100000000005,0,28,0.0,28,0.0,28,0.0,28,0.0,0,
05451210,2015-03,A,TRAIN,sf-multi-v1-a-2015,31,31,1.0,12,3.2646583780583227,1.8595451612903224,1.4051132167680003,11.458292435186126,2.524265740095241,487.7539830462839,60.751023911893654,4.4857127619425805,33.848,78.626,1.804,0.0,9.142,305.96890322580646,,0,,0,,0,,0,,0,
05451210,2015-03,B,TRAIN,sf-multi-v1-b-2015,31,31,1.0,12,3.2646583780583227,1.9112354838709678,1.353422894187355,11.458292435186126,2.524265740095241,487.7539830462839,60.751023911893654,4.4857127619425805,33.654,78.626,2.032,0.0,9.142,311.801129032258,0,31,0.0,31,0.0,31,0.0,31,0.0,0,
05451210,2015-04,A,TRAIN,sf-multi-v1-a-2015,30,30,1.0,0,4.33644188709888,0.46995333333333333,3.866488553765547,80.84151238781195,9.61766868082047,561.2414467785894,58.466091362145114,4.892606578143937,55.341,112.891,1.9889999999999999,0.0,0.19599999999999998,315.9984333333333,,0,,0,,0,,0,,0,
05451210,2015-04,B,TRAIN,sf-multi-v1-b-2015,30,30,1.0,0,4.33644188709888,0.5173533333333333,3.819088553765547,80.84151238781195,9.61766868082047,561.2414467785894,58.466091362145114,4.892606578143937,55.699,112.891,2.1950000000000003,0.0,0.19599999999999998,321.62406666666664,0,30,0.0,30,0.0,30,0.0,30,0.0,0,
05451210,2015-05,A,TRAIN,sf-multi-v1-a-2015,31,31,1.0,0,6.379511503178323,0.6502419354838709,5.729269567694452,111.08292764558323,15.112297925178577,633.7876560693461,66.6637872234466,5.14986536248922,79.261,134.666,2.766,0.0,0.676,332.1753225806452,,0,,0,,0,,0,,0,
05451210,2015-05,B,TRAIN,sf-multi-v1-b-2015,31,31,1.0,0,6.379511503178323,0.6961645161290322,5.6833469870492905,111.08292764558323,15.112297925178577,633.7876560693461,66.6637872234466,5.14986536248922,78.669,134.666,2.983,0.0,0.676,337.41851612903224,27,31,0.2552644587722769,31,0.18658464873093142,31,5.555552586394883,31,42.87849851334353,27,0.044212668
05451210,2015-06,A,TRAIN,sf-multi-v1-a-2015,30,30,1.0,0,8.056142855424001,1.3910266666666666,6.6651161887573345,144.8639539052107,20.555047014376672,686.4010739918153,69.94065366239316,3.904015648162292,129.955,151.44400000000002,4.4,0.0,3.378,352.0298666666667,,0,,0,,0,,0,,0,
05451210,2015-06,B,TRAIN,sf-multi-v1-b-2015,30,30,1.0,0,8.056142855424001,1.44703,6.6091128554240015,144.8639539052107,20.555047014376672,686.4010739918153,69.94065366239316,3.904015648162292,124.273,151.44400000000002,4.732,0.0,3.391,361.55109999999996,30,30,2.084983485254073,30,0.6644791400932625,30,56.14283549667475,30,62.03110337247627,30,0.044212668
05451210,2015-07,A,TRAIN,sf-multi-v1-a-2015,31,31,1.0,0,3.523529162709058,1.2453677419354838,2.278161420773574,108.89543559664322,21.665504226821646,744.4009896003938,75.07940623531428,3.5619699362200805,147.121,150.53,4.647,0.0,1.362,325.6898064516129,,0,,0,,0,,0,,0,
05451210,2015-07,B,TRAIN,sf-multi-v1-b-2015,31,31,1.0,0,3.523529162709058,1.3328387096774192,2.190690453031639,108.89543559664322,21.665504226821646,744.4009896003938,75.07940623531428,3.5619699362200805,146.909,150.53,5.108,0.0,1.366,336.5419032258065,31,31,4.652954353035333,31,1.131093048824638,31,191.12159935903708,31,67.62167391672695,31,0.044212668
05451210,2015-08,A,TRAIN,sf-multi-v1-a-2015,31,31,1.0,0,12.996701828396592,3.3041258064516126,9.69257602194498,206.74913662327216,19.93809092458255,630.7893027900611,75.0323224667538,3.83426415519755,121.637,132.287,3.997,0.0,30.446,304.5626774193548,,0,,0,,0,,0,,0,
05451210,2015-08,B,TRAIN,sf-multi-v1-b-2015,31,31,1.0,0,12.996701828396592,3.398516129032258,9.598185699364334,206.74913662327216,19.93809092458255,630.7893027900611,75.0323224667538,3.83426415519755,121.679,132.287,4.4190000000000005,0.0,30.47,315.0836129032258,31,31,3.7548208262870553,31,1.2002175767131227,31,338.9973694264831,31,57.18295723609741,31,0.044212668
05451210,2015-09,A,TRAIN,sf-multi-v1-a-2015,30,30,1.0,0,8.650796633856,5.148210000000001,3.5025866338559997,57.52650765042722,19.559397068174935,522.5350792336054,68.05031740339221,4.2810483912475785,55.046,137.264,4.6739999999999995,0.0,2.646,353.5267,,0,,0,,0,,0,,0,
05451210,2015-09,B,TRAIN,sf-multi-v1-b-2015,30,30,1.0,0,8.650796633856,5.239366666666667,3.411429967189333,57.52650765042722,19.559397068174935,522.5350792336054,68.05031740339221,4.2810483912475785,55.686,137.264,5.072,0.0,2.646,363.16906666666665,1,30,0.0061352621393287714,30,0.040007294050516534,30,13.276532328699426,30,2.0512122166049553,1,0.044212668000000004
05451210,2015-10,A,TRAIN,sf-multi-v1-a-2015,31,31,1.0,0,3.0325515806703485,0.9490870967741936,2.083464483896155,34.02266483560275,10.84716012957554,375.25725561819746,61.9302762427912,4.501409939406739,31.653,101.779,4.029,0.0,0.035,346.8064193548387,,0,,0,,0,,0,,0,
05451210,2015-10,B,TRAIN,sf-multi-v1-b-2015,31,31,1.0,0,3.0325515806703485,1.035183870967742,1.9973677097026066,34.02266483560275,10.84716012957554,375.25725561819746,61.9302762427912,4.501409939406739,31.916,101.779,4.421,0.0,0.035,355.6632903225806,0,31,0.0,31,0.0,31,0.0,31,0.0,0,
05451210,2015-11,A,TRAIN,sf-multi-v1-a-2015,30,30,1.0,0,5.37746355730944,0.9813500000000001,4.39611355730944,82.65444122305635,4.584696622032846,209.94220878055057,69.60421469383849,5.212249031242331,28.402,54.856,3.759,0.0,1.198,361.05826666666667,,0,,0,,0,,0,,0,
05451210,2015-11,B,TRAIN,sf-multi-v1-b-2015,30,30,1.0,0,5.37746355730944,1.19861,4.17885355730944,82.65444122305635,4.584696622032846,209.94220878055057,69.60421469383849,5.212249031242331,28.654,54.856,4.097,0.0,2.007,369.0847,0,30,0.0,30,0.0,30,0.0,30,0.0,0,
05451210,2015-12,A,TRAIN,sf-multi-v1-a-2015,31,31,1.0,0,19.404347488834066,8.853383870967741,10.550963617866325,127.11110166678009,-0.2613133139708563,184.6274269305122,79.09844070968883,4.593438613323995,19.695,28.521,7.126,18.096,22.737,413.3398064516129,,0,,0,,0,,0,,0,
05451210,2015-12,B,TRAIN,sf-multi-v1-b-2015,31,31,1.0,0,19.404347488834066,9.901890322580645,9.502457166253421,127.11110166678009,-0.2613133139708563,184.6274269305122,79.09844070968883,4.593438613323995,19.864,28.521,7.322,22.795,22.873,417.48377419354836,0,31,0.0,31,0.0,31,0.0,31,0.0,0,
05451210,2016-01,A,TRAIN,sf-multi-v1-a-2016,31,31,1.0,30,4.358693447840206,1.7469677419354839,2.6117257059047225,27.107631389166677,-7.684121909410167,233.23733493781202,80.6453876903801,4.020058263719212,5.971,12.273,6.7909999999999995,0.337,5.191,426.93583870967745,,0,,0,,0,,0,,0,
05451210,2016-01,B,TRAIN,sf-multi-v1-b-2016,31,31,1.0,30,4.358693447840206,1.795516129032258,2.5631773188079485,27.107631389166677,-7.684121909410167,233.23733493781202,80.6453876903801,4.020058263719212,5.972,12.273,6.8839999999999995,0.414,5.191,428.7436129032258,0,31,0.0,31,0.0,31,0.0,31,0.0,0,
05451210,2016-02,A,TRAIN,sf-multi-v1-a-2016,29,29,1.0,21,9.479406151717077,10.948827586206898,-1.4694214344898207,41.066447736864944,-3.1242623852548106,263.5227764385741,72.92248362115002,4.615305104677969,16.438,23.922,6.048,7.06,40.873,441.449724137931,,0,,0,,0,,0,,0,
05451210,2016-02,B,TRAIN,sf-multi-v1-b-2016,29,29,1.0,21,9.479406151717077,11.065586206896551,-1.586180055179474,41.066447736864944,-3.1242623852548106,263.5227764385741,72.92248362115002,4.615305104677969,16.543,23.922,6.1370000000000005,7.367,40.873,443.04475862068966,0,29,0.0,29,0.0,29,0.0,29,0.0,0,
05451210,2016-03,A,TRAIN,sf-multi-v1-a-2016,31,31,1.0,0,9.39205860190142,5.498516129032258,3.8935424728691617,62.2098817034245,5.174540031837048,420.8525001837857,72.95059878876539,4.493660401131745,42.519,66.509,7.635,17.654,0.455,427.1643870967742,,0,,0,,0,,0,,0,
05451210,2016-03,B,TRAIN,sf-multi-v1-b-2016,31,31,1.0,0,9.39205860190142,5.467354838709677,3.9247037631917427,62.2098817034245,5.174540031837048,420.8525001837857,72.95059878876539,4.493660401131745,42.731,66.509,7.702,17.745,0.455,428.49948387096777,0,31,0.0,31,0.0,31,0.0,31,0.0,0,
05451210,2016-04,A,TRAIN,sf-multi-v1-a-2016,30,30,1.0,0,5.3726496933888,2.445133333333333,2.9275163600554666,57.13279902072246,9.869491586786989,514.0580929591355,66.7399236240555,5.512538508572789,45.759,103.205,6.822,5.11,0.126,418.12426666666664,,0,,0,,0,,0,,0,
05451210,2016-04,B,TRAIN,sf-multi-v1-b-2016,30,30,1.0,0,5.3726496933888,2.576533333333333,2.796116360055467,57.13279902072246,9.869491586786989,514.0580929591355,66.7399236240555,5.512538508572789,45.892,103.205,6.834,5.628,0.126,418.4047,0,30,0.0,30,0.0,30,0.0,30,0.0,0,
05451210,2016-05,A,TRAIN,sf-multi-v1-a-2016,31,31,1.0,0,8.088570212005163,3.621774193548387,4.466796018456776,98.36596580683214,15.398555304448548,662.8394018293235,63.53514401108559,4.150461546701289,76.397,139.03,6.989,14.966,1.407,419.7840967741936,,0,,0,,0,,0,,0,
05451210,2016-05,B,TRAIN,sf-multi-v1-b-2016,31,31,1.0,0,8.088570212005163,3.629774193548387,4.458796018456775,98.36596580683214,15.398555304448548,662.8394018293235,63.53514401108559,4.150461546701289,75.316,139.03,7.0,15.175,1.407,420.1584193548387,31,31,0.3235259140545185,31,0.22369736953145722,31,7.796190595463494,31,52.573424479215454,31,0.044212668000000004
05451210,2016-06,A,TRAIN,sf-multi-v1-a-2016,30,30,1.0,0,10.04983763447808,7.034066666666666,3.015770967811415,112.63153242790139,22.453665524335996,761.8673466255195,64.91794624331914,4.174276866532242,168.406,182.107,6.868,18.406,4.672,388.23476666666664,,0,,0,,0,,0,,0,
05451210,2016-06,B,TRAIN,sf-multi-v1-b-2016,30,30,1.0,0,10.04983763447808,7.299066666666667,2.7507709678114143,112.63153242790139,22.453665524335996,761.8673466255195,64.91794624331914,4.174276866532242,161.395,182.107,6.942,19.477,4.68,393.6700333333334,30,30,2.725492401716456,30,0.7783559861042982,30,74.99591890175539,30,69.53056240776552,30,0.044212668000000004
05451210,2016-07,A,TRAIN,sf-multi-v1-a-2016,31,31,1.0,0,2.016250822016826,1.7018709677419355,0.31437985427489057,115.85836539567138,22.226830286536188,776.0835228400877,77.9854355142975,3.6834542892701196,147.321,152.145,5.411,0.015,2.343,338.7969677419355,,0,,0,,0,,0,,0,
05451210,2016-07,B,TRAIN,sf-multi-v1-b-2016,31,31,1.0,0,2.016250822016826,1.7294516129032258,0.28679920911360024,115.85836539567138,22.226830286536188,776.0835228400877,77.9854355142975,3.6834542892701196,147.348,152.145,5.572,0.016,2.345,345.71135483870967,31,31,4.840865547768675,31,1.1812664970879252,31,230.43700293145048,31,70.62679945191063,31,0.044212668000000004
05451210,2016-08,A,TRAIN,sf-multi-v1-a-2016,31,31,1.0,0,3.0352005759966967,3.4759032258064515,-0.4407026498097548,174.48234926623354,21.40201035507369,605.3609276887527,76.85794310573003,3.1586145894401687,90.05,127.28,5.886,0.0,12.845,346.2524193548387,,0,,0,,0,,0,,0,
05451210,2016-08,B,TRAIN,sf-multi-v1-b-2016,31,31,1.0,0,3.0352005759966967,3.5106451612903227,-0.475444585293626,174.48234926623354,21.40201035507369,605.3609276887527,76.85794310573003,3.1586145894401687,90.669,127.28,6.049,0.0,12.861,352.5900967741935,19,31,1.913592593865454,31,0.7356179873804655,31,215.83319070315605,31,36.972955124696746,19,0.044212668000000004
05451210,2016-09,A,TRAIN,sf-multi-v1-a-2016,30,30,1.0,0,13.312127140853761,11.2142,2.097927140853761,197.87070450192596,18.674284094792757,490.82461933244144,69.59751297870159,4.438949029153079,62.613,127.52199999999999,7.219,32.295,33.624,405.61323333333337,,0,,0,,0,,0,,0,
05451210,2016-09,B,TRAIN,sf-multi-v1-b-2016,30,30,1.0,0,13.312127140853761,12.0152,1.2969271408537608,197.87070450192596,18.674284094792757,490.82461933244144,69.59751297870159,4.438949029153079,63.394,127.52199999999999,7.361,36.435,33.624,409.4122,0,30,0.0,30,0.0,30,0.0,30,0.0,0,
05451210,2016-10,A,TRAIN,sf-multi-v1-a-2016,31,31,1.0,0,5.555582612017549,6.873354838709678,-1.3177722266921288,37.12051404070283,11.762830755817651,374.4167235476826,71.04225562483862,4.4729181056422584,33.849,86.678,7.79,9.79,0.67,422.3079677419355,,0,,0,,0,,0,,0,
05451210,2016-10,B,TRAIN,sf-multi-v1-b-2016,31,31,1.0,0,5.555582612017549,7.092225806451613,-1.5366431944340642,37.12051404070283,11.762830755817651,374.4167235476826,71.04225562483862,4.4729181056422584,34.037,86.678,7.811,10.228,0.67,422.63164516129035,0,31,0.0,31,0.0,31,0.0,31,0.0,0,
05451210,2016-11,A,TRAIN,sf-multi-v1-a-2016,30,30,1.0,0,3.07011250750464,1.7581,1.31201250750464,36.88861044621987,6.18564185732299,229.44252148216322,67.00897641436856,4.602084425073132,24.347,62.762,6.61,0.698,0.259,415.44053333333335,,0,,0,,0,,0,,0,
05451210,2016-11,B,TRAIN,sf-multi-v1-b-2016,30,30,1.0,0,3.07011250750464,1.7581666666666667,1.3119458408379734,36.88861044621987,6.18564185732299,229.44252148216322,67.00897641436856,4.602084425073132,24.492,62.762,6.622,0.647,0.259,415.6194,0,30,0.0,30,0.0,30,0.0,30,0.0,0,
05451210,2016-12,A,TRAIN,sf-multi-v1-a-2016,31,31,1.0,23,4.24295975547871,4.451483870967742,-0.20852411548903227,44.920330891871956,-5.737247093194021,194.2463012971583,72.99706345117046,4.971996103090032,20.281,27.362,6.526,2.771,17.719,427.96325806451614,,0,,0,,0,,0,,0,
05451210,2016-12,B,TRAIN,sf-multi-v1-b-2016,31,31,1.0,23,4.24295975547871,4.421903225806452,-0.17894347032774238,44.920330891871956,-5.737247093194021,194.2463012971583,72.99706345117046,4.971996103090032,20.414,27.362,6.531,2.586,17.719,428.2042903225807,0,31,0.0,31,0.0,31,0.0,31,0.0,0,
05451210,2017-01,A,TRAIN,sf-multi-v1-a-2017,31,31,1.0,24,6.384718149164594,5.031548387096774,1.3531697620678198,57.24273995576593,-4.817047022964441,215.12344651743902,76.54245588176785,4.155184759442293,9.983,19.132,6.105,0.0,21.031,427.7588064516129,,0,,0,,0,,0,,0,
05451210,2017-01,B,TRAIN,sf-multi-v1-b-2017,31,31,1.0,24,6.384718149164594,5.032387096774193,1.3523310523904009,57.24273995576593,-4.817047022964441,215.12344651743902,76.54245588176785,4.155184759442293,10.004,19.132,6.1160000000000005,0.0,21.031,427.9300322580645,0,31,0.0,31,0.0,31,0.0,31,0.0,0,
05451210,2017-02,A,TRAIN,sf-multi-v1-a-2017,28,28,1.0,8,8.070402410314971,5.059321428571429,3.011080981743542,47.32130858847238,0.5911128142993025,273.10286190746336,69.38187320126693,4.739818777145933,29.936,43.361,6.123,16.088,2.963,431.2584285714286,,0,,0,,0,,0,,0,
05451210,2017-02,B,TRAIN,sf-multi-v1-b-2017,28,28,1.0,8,8.070402410314971,5.081214285714286,2.989188124600685,47.32130858847238,0.5911128142993025,273.10286190746336,69.38187320126693,4.739818777145933,30.093,43.361,6.126,16.057,2.992,431.2781428571429,0,28,0.0,28,0.0,28,0.0,28,0.0,0,
05451210,2017-03,A,TRAIN,sf-multi-v1-a-2017,31,31,1.0,4,8.601927237318193,4.067064516129032,4.534862721189161,67.69502992966076,1.6854124167551143,412.42239795469385,66.18415773621146,5.328779594223883,39.735,63.598,7.365,12.666,4.6739999999999995,425.7408387096774,,0,,0,,0,,0,,0,
05451210,2017-03,B,TRAIN,sf-multi-v1-b-2017,31,31,1.0,4,8.601927237318193,4.010064516129032,4.591862721189162,67.69502992966076,1.6854124167551143,412.42239795469385,66.18415773621146,5.328779594223883,40.033,63.598,7.361,12.441,4.688,425.684064516129,0,31,0.0,31,0.0,31,0.0,31,0.0,0,
05451210,2017-04,A,TRAIN,sf-multi-v1-a-2017,30,30,1.0,0,10.827418241894401,9.681866666666668,1.1455515752277332,111.78068107483392,10.092631436578674,492.33333744600395,67.78611622444039,4.937407965551913,52.594,96.596,7.684,37.475,1.373,429.2131,,0,,0,,0,,0,,0,
05451210,2017-04,B,TRAIN,sf-multi-v1-b-2017,30,30,1.0,0,10.827418241894401,9.625533333333333,1.2018849085610679,111.78068107483392,10.092631436578674,492.33333744600395,67.78611622444039,4.937407965551913,52.792,96.596,7.684,37.247,1.373,429.1719,0,30,0.0,30,0.0,30,0.0,30,0.0,0,
05451210,2017-05,A,TRAIN,sf-multi-v1-a-2017,31,31,1.0,0,13.227621145121033,10.112129032258064,3.1154921128629685,96.22988862276698,14.744522386569878,657.4056912574066,64.42219062588512,4.533182171847292,81.669,137.512,8.146,41.206,1.01,428.66070967741933,,0,,0,,0,,0,,0,
05451210,2017-05,B,TRAIN,sf-multi-v1-b-2017,31,31,1.0,0,13.227621145121033,10.136322580645162,3.0912985644758706,96.22988862276698,14.744522386569878,657.4056912574066,64.42219062588512,4.533182171847292,80.38,137.512,8.144,41.325,1.01,428.756,31,31,0.3484231200792762,31,0.240818691795942,31,8.20880093037237,31,51.69651998667927,31,0.044212668000000004
05451210,2017-06,A,TRAIN,sf-multi-v1-a-2017,30,30,1.0,0,5.0927848595712,2.0704000000000002,3.0223848595711997,128.55880897387667,21.66756405726206,736.6262043228867,61.59151680662549,4.385676858579726,160.446,184.752,6.538,0.894,4.89,362.3961,,0,,0,,0,,0,,0,
05451210,2017-06,B,TRAIN,sf-multi-v1-b-2017,30,30,1.0,0,5.0927848595712,2.0859666666666667,3.0068181929045332,128.55880897387667,21.66756405726206,736.6262043228867,61.59151680662549,4.385676858579726,150.25,184.752,6.678,0.904,4.898,371.14773333333335,30,30,2.6529689106366927,30,0.7622514015013875,30,74.47423354902982,30,67.01024311898793,30,0.044212668000000004
05451210,2017-07,A,TRAIN,sf-multi-v1-a-2017,31,31,1.0,0,4.443187264284078,2.158290322580645,2.2848969417034333,34.49461847425269,23.02505892712082,795.5774845992406,71.98658875235543,3.4448004596079067,147.603,169.831,5.101,0.0,1.07,306.91625806451617,,0,,0,,0,,0,,0,
05451210,2017-07,B,TRAIN,sf-multi-v1-b-2017,31,31,1.0,0,4.443187264284078,2.1891290322580645,2.2540582320260136,34.49461847425269,23.02505892712082,795.5774845992406,71.98658875235543,3.4448004596079067,153.237,169.831,5.248,0.0,1.073,316.2723870967742,31,31,4.824223282076203,31,1.17346750736366,31,226.5147474671842,31,73.31711226595587,31,0.044212668000000004
05451210,2017-08,A,TRAIN,sf-multi-v1-a-2017,31,30,0.967741935483871,0,0.467926450983936,1.7396566666666666,-1.2717302156827306,96.0351995875622,19.212167769859757,593.2504971211066,68.70671727527667,3.6707703255432507,88.183,134.817,2.661,0.0,5.584,248.96090322580648,,0,,0,,0,,0,,0,
05451210,2017-08,B,TRAIN,sf-multi-v1-b-2017,31,30,0.967741935483871,0,0.467926450983936,1.7786733333333333,-1.3107468823493973,96.0351995875622,19.212167769859757,593.2504971211066,68.70671727527667,3.6707703255432507,88.504,134.817,2.858,0.0,5.588,253.97090322580644,26,31,2.5713768077485835,31,1.0066351406259,31,304.59766320558987,31,45.41494665878685,26,0.04421554318170243
05451210,2017-09,A,TRAIN,sf-multi-v1-a-2017,30,30,1.0,0,0.209714565860352,1.2733933333333334,-1.0636787674729813,66.74629204637642,18.827418138474084,533.7430060427841,57.263833060149004,4.171208972846334,40.832,157.107,2.169,0.0,4.616,255.88726666666668,,0,,0,,0,,0,,0,
05451210,2017-09,B,TRAIN,sf-multi-v1-b-2017,30,30,1.0,0,0.209714565860352,1.3148033333333333,-1.1050887674729812,66.74629204637642,18.827418138474084,533.7430060427841,57.263833060149004,4.171208972846334,41.168,157.107,2.357,0.0,4.616,260.4563,0,30,0.0,30,0.0,30,0.0,30,0.0,0,
05451210,2017-10,A,TRAIN,sf-multi-v1-a-2017,31,31,1.0,0,2.122247172937332,2.127748387096774,-0.00550121415944238,121.9843874906735,10.78671502570246,317.53325494891516,66.0521787386154,5.297016597151585,50.917,93.11,2.918,0.0,8.306,327.4112258064516,,0,,0,,0,,0,,0,
05451210,2017-10,B,TRAIN,sf-multi-v1-b-2017,31,31,1.0,0,2.122247172937332,2.16831935483871,-0.04607218190137807,121.9843874906735,10.78671502570246,317.53325494891516,66.0521787386154,5.297016597151585,51.332,93.11,3.102,0.0,8.306,331.3401935483871,0,31,0.0,31,0.0,31,0.0,31,0.0,0,
05451210,2017-11,A,TRAIN,sf-multi-v1-a-2017,30,30,1.0,8,0.7427508861081601,0.6295233333333333,0.11322755277482677,6.9226216023216995,1.7966399263490909,222.8604050344465,67.02652056830847,4.6497096073565185,16.276,49.327,2.811,0.0,0.06,325.67083333333335,,0,,0,,0,,0,,0,
05451210,2017-11,B,TRAIN,sf-multi-v1-b-2017,30,30,1.0,8,0.7427508861081601,0.6701133333333333,0.07263755277482675,6.9226216023216995,1.7966399263490909,222.8604050344465,67.02652056830847,4.6497096073565185,16.273,49.327,2.981,0.0,0.11599999999999999,329.21393333333333,0,30,0.0,30,0.0,30,0.0,30,0.0,0,
05451210,2017-12,A,TRAIN,sf-multi-v1-a-2017,31,31,1.0,23,0.226927554801631,0.6006870967741936,-0.37375954197256267,8.505706747580874,-4.954339848178803,196.4145793778669,66.46581892277577,4.596461282052949,5.992,37.362,2.6229999999999998,0.0,0.0,313.8073870967742,,0,,0,,0,,0,,0,
05451210,2017-12,B,TRAIN,sf-multi-v1-b-2017,31,31,1.0,23,0.226927554801631,0.6375225806451613,-0.41059502584353036,8.505706747580874,-4.954339848178803,196.4145793778669,66.46581892277577,4.596461282052949,5.976,37.362,2.789,0.0,0.0,317.17593548387094,0,31,0.0,31,0.0,31,0.0,31,0.0,0,
05451210,2018-01,A,VALIDATION,sf-multi-v1-a-2018,31,31,1.0,31,0.9154562469194323,3.5586,-2.643143753080568,36.774001396147234,-8.475559399297893,239.07603034394097,72.9555004602898,4.652477839094313,14.261,24.726,2.374,0.0,18.879,317.18454838709675,,0,,0,,0,,0,,0,
05451210,2018-01,B,VALIDATION,sf-multi-v1-b-2018,31,31,1.0,31,0.9154562469194323,3.5936580645161293,-2.678201817596697,36.774001396147234,-8.475559399297893,239.07603034394097,72.9555004602898,4.652477839094313,14.299,24.726,2.531,0.0,18.879,320.3836129032258,0,31,0.0,31,0.0,31,0.0,31,0.0,0,
05451210,2018-02,A,VALIDATION,sf-multi-v1-a-2018,28,28,1.0,28,2.2788993610861716,4.204842857142856,-1.9259434960566848,51.230866094367144,-7.284654421423972,257.8216687796951,77.27948508909967,4.201495156688511,10.324,18.078,2.0549999999999997,0.0,23.514,324.29864285714285,,0,,0,,0,,0,,0,
05451210,2018-02,B,VALIDATION,sf-multi-v1-b-2018,28,28,1.0,28,2.2788993610861716,4.238189285714286,-1.9592899246281146,51.230866094367144,-7.284654421423972,257.8216687796951,77.27948508909967,4.201495156688511,10.336,18.078,2.194,0.0,23.514,327.3298571428572,0,28,0.0,28,0.0,28,0.0,28,0.0,0,
05451210,2018-03,A,VALIDATION,sf-multi-v1-a-2018,31,31,1.0,6,6.259849990160516,2.219558064516129,4.040291925644388,76.22764080697469,0.5557753357517362,438.99549043078383,68.91521943880436,4.9586658506412284,38.278,54.383,3.092,0.0,4.784,338.3803225806452,,0,,0,,0,,0,,0,
05451210,2018-03,B,VALIDATION,sf-multi-v1-b-2018,31,31,1.0,6,6.259849990160516,2.2512129032258064,4.00863708693471,76.22764080697469,0.5557753357517362,438.99549043078383,68.91521943880436,4.9586658506412284,38.365,54.383,3.231,0.0,4.784,341.2234193548387,0,31,0.0,31,0.0,31,0.0,31,0.0,0,
05451210,2018-04,A,VALIDATION,sf-multi-v1-a-2018,30,30,1.0,0,10.9529562617856,1.8178699999999999,9.1350862617856,69.80267629665907,3.804100146943866,509.7715253826497,62.96224959089331,5.012961900939462,41.928,79.688,4.979,1.427,4.865,376.8600666666667,,0,,0,,0,,0,,0,
05451210,2018-04,B,VALIDATION,sf-multi-v1-b-2018,30,30,1.0,0,10.9529562617856,1.8910799999999999,9.0618762617856,69.80267629665907,3.804100146943866,509.7715253826497,62.96224959089331,5.012961900939462,42.06,79.688,5.088,1.647,4.865,379.3555333333333,0,30,0.0,30,0.0,30,0.0,30,0.0,0,
05451210,2018-05,A,VALIDATION,sf-multi-v1-a-2018,31,31,1.0,0,8.749905596928,2.1753225806451613,6.574583016282839,108.26813703715692,19.27121809416224,691.0853925018657,66.9128815412437,3.9848510253323988,82.80199999999999,156.97,6.535,4.796,1.21,403.11267741935484,,0,,0,,0,,0,,0,
05451210,2018-05,B,VALIDATION,sf-multi-v1-b-2018,31,31,1.0,0,8.749905596928,2.307290322580645,6.4426152743473555,108.26813703715692,19.27121809416224,691.0853925018657,66.9128815412437,3.9848510253323988,82.344,156.97,6.6129999999999995,5.4590000000000005,1.21,404.86880645161295,14,31,0.1388626403022617,31,0.09837962318011399,31,1.6212932299351184,31,30.646157913127862,14,0.044212668
05451210,2018-06,A,VALIDATION,sf-multi-v1-a-2018,30,30,1.0,0,7.54710034318848,2.5546333333333333,4.9924670098551465,167.34714867037783,22.768676049068286,697.5707354521438,70.308665970763,4.349588590536313,142.772,165.371,6.159,0.923,5.863,381.77549999999997,,0,,0,,0,,0,,0,
05451210,2018-06,B,VALIDATION,sf-multi-v1-b-2018,30,30,1.0,0,7.54710034318848,2.784766666666667,4.762333676521813,167.34714867037783,22.768676049068286,697.5707354521438,70.308665970763,4.349588590536313,136.06,165.371,6.281000000000001,2.025,5.885,388.29703333333333,30,30,2.4840484971360537,30,0.7338425982097715,30,55.11849962321203,30,65.30454873768936,30,0.044212668
05451210,2018-07,A,VALIDATION,sf-multi-v1-a-2018,31,31,1.0,0,4.190071193618168,1.915258064516129,2.2748131291020393,62.75261723494026,22.293522048186578,791.6882247026263,74.0193862710997,3.5807768393568,156.017,163.015,6.848,0.7949999999999999,1.349,359.139064516129,,0,,0,,0,,0,,0,
05451210,2018-07,B,VALIDATION,sf-multi-v1-b-2018,31,31,1.0,0,4.190071193618168,2.020225806451613,2.1698453871665553,62.75261723494026,22.293522048186578,791.6882247026263,74.0193862710997,3.5807768393568,156.024,163.015,7.045,0.979,1.353,366.2804516129032,31,31,4.852657700962436,31,1.1783178569770718,31,201.3758415563714,31,72.01639911098768,31,0.044212668
05451210,2018-08,A,VALIDATION,sf-multi-v1-a-2018,31,31,1.0,0,6.315478892013832,7.0159032258064515,-0.7004243337926193,257.1817742879,21.405921844205437,600.3247268727623,76.50339831705303,3.627508511052998,104.383,130.477,6.646,0.362,31.681,358.74287096774196,,0,,0,,0,,0,,0,
05451210,2018-08,B,VALIDATION,sf-multi-v1-b-2018,31,31,1.0,0,6.315478892013832,7.077322580645161,-0.7618436886313287,257.1817742879,21.405921844205437,600.3247268727623,76.50339831705303,3.627508511052998,104.888,130.477,6.833,0.574,31.698999999999998,365.5678709677419,23,31,2.1986985476018055,31,0.8904849320921423,31,246.54263288292296,31,42.679186658523605,23,0.044212668
05451210,2018-09,A,VALIDATION,sf-multi-v1-a-2018,30,30,1.0,0,24.8980593134592,24.191333333333333,0.7067259801258672,228.09914191338999,17.872097397042396,463.08782964097355,74.05007712114995,3.8939341885778385,55.763,107.335,10.071,88.459,27.49,437.76443333333333,,0,,0,,0,,0,,0,
05451210,2018-09,B,VALIDATION,sf-multi-v1-b-2018,30,30,1.0,0,24.8980593134592,25.359199999999998,-0.4611406865407979,228.09914191338999,17.872097397042396,463.08782964097355,74.05007712114995,3.8939341885778385,56.793,107.335,10.119,93.599,27.49,438.7602,0,30,0.0,30,0.0,30,0.0,30,0.0,0,
05451210,2018-10,A,VALIDATION,sf-multi-v1-a-2018,31,31,1.0,2,27.31114181465187,26.345645161290324,0.9654966533615443,115.0906654711361,8.117655980351628,330.2050176054949,73.33699478807414,4.25846126704437,39.296,64.356,10.808,100.288,8.782,436.9178387096774,,0,,0,,0,,0,,0,
05451210,2018-10,B,VALIDATION,sf-multi-v1-b-2018,31,31,1.0,2,27.31114181465187,26.229870967741935,1.0812708469099341,115.0906654711361,8.117655980351628,330.2050176054949,73.33699478807414,4.25846126704437,39.821,64.356,10.804,99.806,8.782,436.80929032258064,0,31,0.0,31,0.0,31,0.0,31,0.0,0,
05451210,2018-11,A,VALIDATION,sf-multi-v1-a-2018,30,30,1.0,3,8.8612851935232,6.1867,2.6745851935231997,56.144019722262506,-1.9804803093683647,205.62259188177478,74.52783062052514,4.5066719016558485,19.294999999999998,29.539,8.276,18.763,3.482,430.9526666666667,,0,,0,,0,,0,,0,
05451210,2018-11,B,VALIDATION,sf-multi-v1-b-2018,30,30,1.0,3,8.8612851935232,6.143066666666667,2.718218526856533,56.144019722262506,-1.9804803093683647,205.62259188177478,74.52783062052514,4.5066719016558485,19.5,29.539,8.272,18.561,3.482,430.86696666666666,0,30,0.0,30,0.0,30,0.0,30,0.0,0,
05451210,2018-12,A,VALIDATION,sf-multi-v1-a-2018,31,31,1.0,17,7.655596493146839,5.85158064516129,1.804015847985549,66.96729516454275,-2.5964943818724273,195.01432535368622,76.21324639490615,4.2262737544042865,16.571,24.45,6.972,0.021,32.638,427.1173225806452,,0,,0,,0,,0,,0,
05451210,2018-12,B,VALIDATION,sf-multi-v1-b-2018,31,31,1.0,17,7.655596493146839,5.851645161290323,1.8039513318565161,66.96729516454275,-2.5964943818724273,195.01432535368622,76.21324639490615,4.2262737544042865,16.655,24.45,6.972,0.021,32.638,426.90287096774193,0,31,0.0,31,0.0,31,0.0,31,0.0,0,
05451210,2019-01,A,VALIDATION,sf-multi-v1-a-2019,31,31,1.0,26,3.8539228211711998,3.4149354838709676,0.4389873373002322,25.977756154716882,-8.656244091824062,225.47467155416513,73.32424050685692,4.742816496510588,14.359,22.095,6.076,0.0,1.484,421.17738709677417,,0,,0,,0,,0,,0,
05451210,2019-01,B,VALIDATION,sf-multi-v1-b-2019,31,31,1.0,26,3.8539228211711998,3.414677419354839,0.43924540181636074,25.977756154716882,-8.656244091824062,225.47467155416513,73.32424050685692,4.742816496510588,14.406,22.095,6.072,0.0,1.484,420.859064516129,0,31,0.0,31,0.0,31,0.0,31,0.0,0,
05451210,2019-02,A,VALIDATION,sf-multi-v1-a-2019,28,28,1.0,28,3.304778260476343,4.163321428571429,-0.8585431680950859,55.0455624079877,-9.87711122818375,245.28180989612756,80.34519895749733,4.479495577359997,5.594,11.387,4.971,0.0,14.395999999999999,419.20285714285717,,0,,0,,0,,0,,0,
05451210,2019-02,B,VALIDATION,sf-multi-v1-b-2019,28,28,1.0,28,3.304778260476343,4.162964285714286,-0.8581860252379427,55.0455624079877,-9.87711122818375,245.28180989612756,80.34519895749733,4.479495577359997,5.596,11.387,4.97,0.0,14.395999999999999,418.89142857142855,0,28,0.0,28,0.0,28,0.0,28,0.0,0,
05451210,2019-03,A,VALIDATION,sf-multi-v1-a-2019,31,31,1.0,14,18.3355235469857,13.112677419354839,5.222846127630863,35.09133860311887,-1.1478596196000292,428.1302245318432,71.36100017189762,4.436423707345077,27.62,43.938,6.441,14.142,46.315,421.8781290322581,,0,,0,,0,,0,,0,
05451210,2019-03,B,VALIDATION,sf-multi-v1-b-2019,31,31,1.0,14,18.3355235469857,13.152290322580646,5.183233224405056,35.09133860311887,-1.1478596196000292,428.1302245318432,71.36100017189762,4.436423707345077,27.729,43.938,6.4399999999999995,14.352,46.315,421.31670967741934,0,31,0.0,31,0.0,31,0.0,31,0.0,0,
05451210,2019-04,A,VALIDATION,sf-multi-v1-a-2019,30,30,1.0,0,8.111832653721601,3.1136,4.998232653721601,98.95620053312112,9.301728701273495,483.3307810116333,65.17577008925849,5.178929579615601,55.788,97.829,7.248,9.909,0.265,421.84703333333334,,0,,0,,0,,0,,0,
05451210,2019-04,B,VALIDATION,sf-multi-v1-b-2019,30,30,1.0,0,8.111832653721601,3.0210333333333335,5.0907993203882675,98.95620053312112,9.301728701273495,483.3307810116333,65.17577008925849,5.178929579615601,56.128,97.829,7.233,9.219,0.265,421.46650000000005,0,30,0.0,30,0.0,30,0.0,30,0.0,0,
05451210,2019-05,A,VALIDATION,sf-multi-v1-a-2019,31,31,1.0,0,19.748716881259355,18.443290322580644,1.305426558678711,179.61007392691482,13.628276510332626,607.8051888488744,71.89996002031448,4.364685250026924,79.913,111.834,8.537,84.568,6.48,435.62625806451615,,0,,0,,0,,0,,0,
05451210,2019-05,B,VALIDATION,sf-multi-v1-b-2019,31,31,1.0,0,19.748716881259355,18.29116129032258,1.4575555909367743,179.61007392691482,13.628276510332626,607.8051888488744,71.89996002031448,4.364685250026924,80.009,111.834,8.534,84.066,6.48,435.6097741935484,17,31,0.13567866599040107,31,0.10175240177938767,31,2.1276088342208563,31,30.07944770228056,17,0.044212668000000004
05451210,2019-06,A,VALIDATION,sf-multi-v1-a-2019,30,30,1.0,0,13.2154723044864,7.4258,5.789672304486401,111.05206903659287,20.515629562342397,695.4939330964584,70.64087011518164,3.7848292340807848,117.423,147.544,8.124,15.404,6.316,417.9529333333333,,0,,0,,0,,0,,0,
05451210,2019-06,B,VALIDATION,sf-multi-v1-b-2019,30,30,1.0,0,13.2154723044864,8.683666666666666,4.531805637819735,111.05206903659287,20.515629562342397,695.4939330964584,70.64087011518164,3.7848292340807848,110.975,147.544,8.146,21.631,6.329,419.5015,30,30,1.6280905562526953,30,0.5828544097292934,30,42.06685608730911,30,62.3282052187479,30,0.044212668000000004
05451210,2019-07,A,VALIDATION,sf-multi-v1-a-2019,31,31,1.0,0,3.9633537315493164,1.9183870967741936,2.0449666347751227,83.53366471059371,23.101973281862634,765.7116613473538,78.4110169678399,3.8277836282380893,149.376,155.311,6.793,0.705,0.321,364.80493548387096,,0,,0,,0,,0,,0,
05451210,2019-07,B,VALIDATION,sf-multi-v1-b-2019,31,31,1.0,0,3.9633537315493164,1.9989032258064516,1.9644505057428647,83.53366471059371,23.101973281862634,765.7116613473538,78.4110169678399,3.8277836282380893,149.05,155.311,6.78,1.012,0.321,365.05793548387095,31,31,4.631815559650382,31,1.1266351073231755,31,172.16873659426747,31,71.02091698221255,31,0.044212668000000004
05451210,2019-08,A,VALIDATION,sf-multi-v1-a-2019,31,31,1.0,0,1.1059920866170219,3.1465483870967743,-2.0405563004797527,96.32554324103651,20.019522524773905,624.1279568231263,75.804166444406,3.293445377853973,107.356,127.452,4.907,0.0,10.408,306.85119354838713,,0,,0,,0,,0,,0,
05451210,2019-08,B,VALIDATION,sf-multi-v1-b-2019,31,31,1.0,0,1.1059920866170219,3.148935483870968,-2.0429433972539464,96.32554324103651,20.019522524773905,624.1279568231263,75.804166444406,3.293445377853973,106.847,127.452,4.914,0.0,10.42,307.3818387096774,31,31,3.6375863239997908,31,1.2002169050183356,31,322.5748439884044,31,56.953545606050746,31,0.044212668000000004
05451210,2019-09,A,VALIDATION,sf-multi-v1-a-2019,30,30,1.0,0,4.468200174291456,2.024033333333333,2.444166840958123,154.60764637102764,19.664302430381394,472.7544540911255,73.64145090063025,4.637236925391804,58.951,119.576,5.135,0.0,4.757,341.68643333333335,,0,,0,,0,,0,,0,
05451210,2019-09,B,VALIDATION,sf-multi-v1-b-2019,30,30,1.0,0,4.468200174291456,2.0264,2.441800174291456,154.60764637102764,19.664302430381394,472.7544540911255,73.64145090063025,4.637236925391804,59.424,119.576,5.154999999999999,0.0,4.757,342.3281333333333,3,30,0.014599842865821281,30,0.1200218821515496,30,37.93472731798256,30,4.938547822899583,3,0.044212668000000004
05451210,2019-10,A,VALIDATION,sf-multi-v1-a-2019,31,31,1.0,0,21.250423197299614,12.012161290322581,9.238261906977034,157.1947603162468,6.898995797937617,359.929834905503,69.1656747114569,4.812909060631394,47.032000000000004,73.411,9.549,47.571,7.3469999999999995,432.89138709677417,,0,,0,,0,,0,,0,
05451210,2019-10,B,VALIDATION,sf-multi-v1-b-2019,31,31,1.0,0,21.250423197299614,12.041935483870969,9.208487713428646,157.1947603162468,6.898995797937617,359.929834905503,69.1656747114569,4.812909060631394,47.329,73.411,9.55,47.699,7.3469999999999995,432.90329032258063,0,31,0.0,31,0.0,31,0.0,31,0.0,0,
05451210,2019-11,A,VALIDATION,sf-multi-v1-a-2019,30,30,1.0,4,5.94653778432,2.8688000000000002,3.07773778432,53.19702038697547,-0.5638684527992038,202.5284094148273,71.67837924712776,4.512904660610153,24.73,35.39,7.612,3.353,4.802,427.01323333333335,,0,,0,,0,,0,,0,
05451210,2019-11,B,VALIDATION,sf-multi-v1-b-2019,30,30,1.0,4,5.94653778432,2.7868333333333335,3.1597044509866667,53.19702038697547,-0.5638684527992038,202.5284094148273,71.67837924712776,4.512904660610153,24.894,35.39,7.603,3.396,4.316,427.08456666666666,0,30,0.0,30,0.0,30,0.0,30,0.0,0,
05451210,2019-12,A,VALIDATION,sf-multi-v1-a-2019,31,31,1.0,14,6.097256483922581,3.463290322580645,2.633966161341936,30.231194716895853,-2.2390652242264157,205.36532090000932,72.25741854202671,4.165182250191963,21.013,33.045,6.961,6.001,11.822,426.4074193548387,,0,,0,,0,,0,,0,
05451210,2019-12,B,VALIDATION,sf-multi-v1-b-2019,31,31,1.0,14,6.097256483922581,3.5000322580645165,2.5972242258580645,30.231194716895853,-2.2390652242264157,205.36532090000932,72.25741854202671,4.165182250191963,21.112,33.045,6.922,6.1850000000000005,11.822,426.3893870967742,0,31,0.0,31,0.0,31,0.0,31,0.0,0,
05451210,2020-01,A,VALIDATION,sf-multi-v1-a-2020,31,31,1.0,24,3.1435353503777033,3.362096774193548,-0.21856142381584487,33.99443305268752,-5.845710847526957,215.79144257942508,76.9268037464799,4.237352320702799,12.054,19.469,6.355,0.184,2.317,418.6997096774194,,0,,0,,0,,0,,0,
05451210,2020-01,B,VALIDATION,sf-multi-v1-b-2020,31,31,1.0,24,3.1435353503777033,3.343645161290323,-0.2001098109126196,33.99443305268752,-5.845710847526957,215.79144257942508,76.9268037464799,4.237352320702799,12.102,19.469,6.338,0.156,2.317,418.6869032258065,0,31,0.0,31,0.0,31,0.0,31,0.0,0,
05451210,2020-02,A,VALIDATION,sf-multi-v1-a-2020,29,29,1.0,25,3.4794569360666485,4.056344827586207,-0.5768878915195583,12.939505023939214,-5.070107902560389,294.93981055469226,66.47133936925695,4.032466773997826,23.044,32.124,5.467,0.0,15.915000000000001,417.90672413793106,,0,,0,,0,,0,,0,
05451210,2020-02,B,VALIDATION,sf-multi-v1-b-2020,29,29,1.0,25,3.4794569360666485,4.056655172413793,-0.5771982363471442,12.939505023939214,-5.070107902560389,294.93981055469226,66.47133936925695,4.032466773997826,23.101,32.124,5.459,0.0,15.915000000000001,417.87610344827584,0,29,0.0,29,0.0,29,0.0,29,0.0,0,
05451210,2020-03,A,VALIDATION,sf-multi-v1-a-2020,31,31,1.0,0,9.83508023406658,3.367225806451613,6.467854427614968,76.64249734666093,4.398921673429184,430.80618508777036,68.05748861094244,4.725915273716062,41.0,70.732,6.635,9.814,1.6520000000000001,415.8912903225807,,0,,0,,0,,0,,0,
05451210,2020-03,B,VALIDATION,sf-multi-v1-b-2020,31,31,1.0,0,9.83508023406658,3.338806451612903,6.496273782453677,76.64249734666093,4.398921673429184,430.80618508777036,68.05748861094244,4.725915273716062,41.091,70.732,6.634,9.68,1.6420000000000001,415.84990322580643,0,31,0.0,31,0.0,31,0.0,31,0.0,0,
05451210,2020-04,A,VALIDATION,sf-multi-v1-a-2020,30,30,1.0,0,4.7260816962048,2.1555999999999997,2.5704816962048005,36.901041812061976,8.00221953538544,533.9415716004913,59.60657216121707,4.6801267435151646,46.743,103.304,6.965,3.2319999999999998,0.031,418.6001,,0,,0,,0,,0,,0,
05451210,2020-04,B,VALIDATION,sf-multi-v1-b-2020,30,30,1.0,0,4.7260816962048,2.1523666666666665,2.5737150295381337,36.901041812061976,8.00221953538544,533.9415716004913,59.60657216121707,4.6801267435151646,46.789,103.304,6.968,3.215,0.031,418.58883333333335,0,30,0.0,30,0.0,30,0.0,30,0.0,0,
05451210,2020-05,A,VALIDATION,sf-multi-v1-a-2020,31,31,1.0,0,15.460176137234168,5.3232580645161285,10.13691807271804,149.72175442725268,14.44791342660053,596.368767994804,65.15540162748114,4.222751647650815,64.774,125.169,7.167,33.491,4.022,418.3607419354839,,0,,0,,0,,0,,0,
05451210,2020-05,B,VALIDATION,sf-multi-v1-b-2020,31,31,1.0,0,15.460176137234168,5.316967741935484,10.143208395298684,149.72175442725268,14.44791342660053,596.368767994804,65.15540162748114,4.222751647650815,64.383,125.169,7.17,33.5,4.022,418.37374193548385,22,31,0.17792716059049363,31,0.1321898312817187,31,2.73870915615388,31,34.194108037807496,22,0.044212668000000004
05451210,2020-06,A,VALIDATION,sf-multi-v1-a-2020,30,30,1.0,0,19.2450728388096,14.469166666666666,4.7759061721429354,154.01597697694461,22.739868849871872,725.3949851749484,66.13828104995952,4.638415922019379,158.737,182.695,7.489,29.552,16.298000000000002,411.93050000000005,,0,,0,,0,,0,,0,
05451210,2020-06,B,VALIDATION,sf-multi-v1-b-2020,30,30,1.0,0,19.2450728388096,15.251166666666666,3.9939061721429354,154.01597697694461,22.739868849871872,725.3949851749484,66.13828104995952,4.638415922019379,152.126,182.695,7.542,33.34,16.328,415.2599666666666,30,30,2.3062828110940425,30,0.7022621122152903,30,55.09039827384408,30,67.47233536933652,30,0.044212668000000004
05451210,2020-07,A,VALIDATION,sf-multi-v1-a-2020,31,31,1.0,0,2.6932061448984776,1.6273870967741935,1.0658190481242842,25.024919237608774,23.628430370831687,793.1944549200233,73.09925329361347,3.533438005666655,152.026,172.4,5.399,0.81,0.012,315.56132258064514,,0,,0,,0,,0,,0,
05451210,2020-07,B,VALIDATION,sf-multi-v1-b-2020,31,31,1.0,0,2.6932061448984776,1.7079354838709677,0.9852706610275099,25.024919237608774,23.628430370831687,793.1944549200233,73.09925329361347,3.533438005666655,153.02,172.4,5.47,1.123,0.012,318.03312903225805,31,31,4.819371138328815,31,1.1732798538499434,31,203.9123702682507,31,73.95970043061776,31,0.044212668000000004
05451210,2020-08,A,VALIDATION,sf-multi-v1-a-2020,31,31,1.0,16,0.25176416960280773,0.8637516129032258,-0.611987443300418,29.448964830802986,21.527829199213187,646.2586094721471,62.601073037288664,4.107909837540803,67.574,173.9,2.415,0.0,0.006,226.59490322580646,,0,,0,,0,,0,,0,
05451210,2020-08,B,VALIDATION,sf-multi-v1-b-2020,31,31,1.0,16,0.25176416960280773,0.8796935483870967,-0.627929378784289,29.448964830802986,21.527829199213187,646.2586094721471,62.601073037288664,4.107909837540803,67.114,173.9,2.5,0.0,0.006,228.5256129032258,22,31,2.2844142089542228,31,0.8517681959142231,31,238.31170285611148,31,43.08122334918443,22,0.04554879087781152
05451210,2020-09,A,VALIDATION,sf-multi-v1-a-2020,30,30,1.0,2,0.246847390691328,1.1840833333333334,-0.9372359426420054,88.87479776030351,15.83275586895587,470.81514692127405,64.20632811172597,4.518674640159925,34.621,126.902,1.765,0.0,3.6279999999999997,257.74583333333334,,0,,0,,0,,0,,0,
05451210,2020-09,B,VALIDATION,sf-multi-v1-b-2020,30,30,1.0,2,0.246847390691328,1.20282,-0.955972609308672,88.87479776030351,15.83275586895587,470.81514692127405,64.20632811172597,4.518674640159925,34.741,126.902,1.8519999999999999,0.0,3.6279999999999997,259.70883333333336,0,30,0.0,30,0.0,30,0.0,30,0.0,0,
05451210,2020-10,A,VALIDATION,sf-multi-v1-a-2020,31,31,1.0,0,0.04751749547470451,0.6072645161290322,-0.5597470206543277,42.01121219380277,6.711905570513465,354.70392642309537,61.27152688957366,4.655774292591293,21.203,89.542,1.762,0.0,1.106,266.02609677419355,,0,,0,,0,,0,,0,
05451210,2020-10,B,VALIDATION,sf-multi-v1-b-2020,31,31,1.0,0,0.04751749547470451,0.6261225806451614,-0.5786050851704568,42.01121219380277,6.711905570513465,354.70392642309537,61.27152688957366,4.655774292591293,21.237000000000002,89.542,1.849,0.0,1.106,267.8323870967742,0,31,0.0,31,0.0,31,0.0,31,0.0,0,
05451210,2020-11,A,VALIDATION,sf-multi-v1-a-2020,30,30,1.0,0,0.13398587912448,0.5977266666666666,-0.4637407875421866,42.66753187079649,4.05809261219141,234.09766407984884,69.1986513666178,4.8639365337210965,26.361,57.642,1.664,0.0,1.563,290.9879,,0,,0,,0,,0,,0,
05451210,2020-11,B,VALIDATION,sf-multi-v1-b-2020,30,30,1.0,0,0.13398587912448,0.6160066666666667,-0.4820207875421867,42.66753187079649,4.05809261219141,234.09766407984884,69.1986513666178,4.8639365337210965,26.635,57.642,1.742,0.0,1.563,292.6444666666667,0,30,0.0,30,0.0,30,0.0,30,0.0,0,
05451210,2020-12,A,VALIDATION,sf-multi-v1-a-2020,31,31,1.0,27,0.11276499070265807,0.4312935483870967,-0.31852855768443866,23.872954252649063,-3.545381332136844,219.13332968293724,72.2350827056777,3.833061965723561,14.577,28.637999999999998,1.623,0.0,0.725,291.9139677419355,,0,,0,,0,,0,,0,
05451210,2020-12,B,VALIDATION,sf-multi-v1-b-2020,31,31,1.0,27,0.11276499070265807,0.4487709677419355,-0.3360059770392774,23.872954252649063,-3.545381332136844,219.13332968293724,72.2350827056777,3.833061965723561,14.532,28.637999999999998,1.702,0.0,0.725,293.27190322580645,0,31,0.0,31,0.0,31,0.0,31,0.0,0,
